FileID,CrashSeverity,County,CrashDate,PrimaryStreet,Distance,Direction,Weather,NumberOfFatalities,NumberOfInjured,CrashType,FirstVehicleType,FirstVehicleDirection,FirstDriverAge,FirstVehicleLane,FirstVehicleAction,FirstDriverCondition,SecondVehicleType,SecondVehicleDirection,SecondDriverAge,SecondVehicleLane,SecondVehicleAction,SecondDriverCondition,RoadCondition,Lighting,AgencyName,PedestrianInvolved
519,INJURY CRASH,CLARK,1/5/16,GRAND CENTRAL PARK N TO IR15N INT41,75,S,RAIN,0,1,ANGLE,CARRY-ALL,N,30,2,GOING STRAIGHT,APPARENTLY NORMAL,"SEDAN, 4 DOOR",N,39,2,GOING STRAIGHT,APPARENTLY NORMAL,DRY,DARK - SPOT LIGHTING,NHP,NO
347,INJURY CRASH,CLARK,1/5/16,LAKE MEAD BLVD,260,E,CLOUDY: RAIN,0,2,REAR-END,"HARDTOP, 2 DOOR",W,42,1,GOING STRAIGHT,INATTENTION/DISTRACTED: HAD BEEN DRINKING,"SEDAN, 4 DOOR",W,61,1,GOING STRAIGHT,APPARENTLY NORMAL,DRY,DAYLIGHT,LVMPD,NO
420,INJURY CRASH,CLARK,1/5/16,SR599,48,S,CLOUDY,0,1,NON-COLLISION,CARRY-ALL,S,Unspecified,0,GOING STRAIGHT,Unspecified,Unspecified,Unspecified,Unspecified,0,Unspecified,Unspecified,DRY,DARK - CONTINUOUS LIGHTING,LVMPD,NO
425,INJURY CRASH,CLARK,1/5/16,STEWART AVE,0,AT INT,CLOUDY,0,1,ANGLE,CARRY-ALL,W,19,0,TURNING LEFT,APPARENTLY NORMAL,"SEDAN, 4 DOOR",E,77,0,GOING STRAIGHT,APPARENTLY NORMAL,DRY,DAYLIGHT,LVMPD,NO
448,PROPERTY DAMAGE ONLY,CLARK,1/5/16,SR574,20,W,CLOUDY,0,0,HEAD-ON,CARRY-ALL,W,37,1,TURNING LEFT,APPARENTLY NORMAL,"SEDAN, 4 DOOR",W,49,1,TURNING LEFT,APPARENTLY NORMAL,DRY,DAYLIGHT,NHP,NO
472,PROPERTY DAMAGE ONLY,CLARK,1/5/16,US95N TO LAKE MEAD BLVD E INT82,200,S,RAIN,0,0,NON-COLLISION,"SEDAN, 4 DOOR",N,26,0,GOING STRAIGHT,APPARENTLY NORMAL,Unspecified,Unspecified,Unspecified,0,Unspecified,Unspecified,DRY,DAYLIGHT,NHP,NO
473,PROPERTY DAMAGE ONLY,CLARK,1/5/16,LAKE MEAD BLVD,25,W,CLOUDY,0,0,"SIDESWIPE, MEETING","SEDAN, 4 DOOR",N,57,3,TURNING RIGHT,APPARENTLY NORMAL,PICKUP,E,58,3,GOING STRAIGHT,APPARENTLY NORMAL,DRY,DAYLIGHT,NHP,NO
475,PROPERTY DAMAGE ONLY,CLARK,1/5/16,US95S,940,S,RAIN,0,0,REAR-END,"SEDAN, 4 DOOR",S,41,1,GOING STRAIGHT,APPARENTLY NORMAL,"SEDAN, 4 DOOR",S,82,1,STOPPED,APPARENTLY NORMAL,DRY,DARK - CONTINUOUS LIGHTING,NHP,NO
506,PROPERTY DAMAGE ONLY,CLARK,1/5/16,US95N TO IR15S INT42,600,N,RAIN,0,0,ANGLE,VAN,S,24,0,GOING STRAIGHT,OTHER IMPROPER DRIVING,Unspecified,Unspecified,Unspecified,0,Unspecified,Unspecified,WET,DARK - SPOT LIGHTING,NHP,NO
510,INJURY CRASH,CLARK,1/5/16,US95S TO IR15S INT42,450,N,RAIN,0,1,REAR-END,"HARDTOP, 4 DOOR",S,24,0,NOT REPORTED,APPARENTLY NORMAL,UTILITY,S,52,0,GOING STRAIGHT,APPARENTLY NORMAL,DRY,DARK - SPOT LIGHTING,NHP,NO
511,PROPERTY DAMAGE ONLY,CLARK,1/5/16,US95N,500,E,RAIN,0,0,REAR-END,Unspecified,N,Unspecified,3,GOING STRAIGHT,Unspecified,PICKUP,S,49,3,GOING STRAIGHT,APPARENTLY NORMAL,WET,DARK - SPOT LIGHTING,NHP,NO
517,INJURY CRASH,CLARK,1/5/16,US95S,200,N,RAIN,0,1,REAR-END,"SEDAN, 4 DOOR",S,57,1,GOING STRAIGHT,Unspecified,"SEDAN, 4 DOOR",S,57,1,STOPPED,APPARENTLY NORMAL,WET,DARK - SPOT LIGHTING,NHP,NO
518,PROPERTY DAMAGE ONLY,CLARK,1/5/16,US95S TO IR15S INT42,1000,N,RAIN,0,0,NON-COLLISION,PICKUP,S,31,0,GOING STRAIGHT,APPARENTLY NORMAL,Unspecified,Unspecified,Unspecified,0,Unspecified,Unspecified,WET,DARK - SPOT LIGHTING,NHP,NO
520,PROPERTY DAMAGE ONLY,CLARK,1/5/16,US95S TO IR15S INT42,750,N,RAIN,0,0,NON-COLLISION,"SEDAN, 4 DOOR",S,31,0,GOING STRAIGHT,APPARENTLY NORMAL,Unspecified,Unspecified,Unspecified,0,Unspecified,Unspecified,DRY,DARK - SPOT LIGHTING,NHP,NO
521,PROPERTY DAMAGE ONLY,CLARK,1/5/16,US95N,100,S,RAIN,0,0,NON-COLLISION,CARRY-ALL,N,20,1,NOT REPORTED,APPARENTLY NORMAL,Unspecified,Unspecified,Unspecified,0,Unspecified,Unspecified,DRY,DARK - SPOT LIGHTING,NHP,NO
522,INJURY CRASH,CLARK,1/5/16,US95N TO IR15S INT42,900,W,RAIN,0,1,NON-COLLISION,PICKUP,N,31,1,NOT REPORTED,APPARENTLY NORMAL,Unspecified,Unspecified,Unspecified,0,Unspecified,Unspecified,DRY,DARK - SPOT LIGHTING,NHP,NO
523,PROPERTY DAMAGE ONLY,CLARK,1/5/16,US95S,100,N,CLOUDY,0,0,REAR-END,"SEDAN, 2 DOOR",S,35,1,GOING STRAIGHT,APPARENTLY NORMAL,CARRY-ALL,S,31,1,STOPPED,APPARENTLY NORMAL,WET,DAYLIGHT,NHP,NO
524,PROPERTY DAMAGE ONLY,CLARK,1/5/16,IR15N,1500,S,CLOUDY,0,0,"SIDESWIPE, OVERTAKING",Unspecified,N,Unspecified,2,GOING STRAIGHT,Unspecified,"SEDAN, 4 DOOR",N,25,2,GOING STRAIGHT,APPARENTLY NORMAL,WET,DAYLIGHT,NHP,NO
346,INJURY CRASH,CLARK,1/5/16,ELM CREEK DR,85,W,CLOUDY: RAIN,0,2,ANGLE,"HARDTOP, 4 DOOR",N,22,1,TURNING LEFT,APPARENTLY NORMAL,"SEDAN, 4 DOOR",Unspecified,Unspecified,1,PARKED,Unspecified,DRY,DAYLIGHT,LVMPD,YES
356,INJURY CRASH,CLARK,1/5/16,CHEYENNE AVE,0,AT INT,CLOUDY: RAIN,0,1,ANGLE,"SEDAN, 4 DOOR",E,20,0,TURNING LEFT,OTHER IMPROPER DRIVING,PICKUP,W,50,0,GOING STRAIGHT,APPARENTLY NORMAL,DRY,DAYLIGHT,LVMPD,NO
367,PROPERTY DAMAGE ONLY,CLARK,1/5/16,US95S,1000,N,CLOUDY: RAIN,0,0,REAR-END,"SEDAN, 4 DOOR",S,51,2,GOING STRAIGHT,APPARENTLY NORMAL,UTILITY,S,60,2,GOING STRAIGHT,APPARENTLY NORMAL,DRY,DAYLIGHT,NHP,NO
427,INJURY CRASH,CLARK,1/5/16,LAKE MEAD BLVD,0,AT INT,RAIN,0,1,ANGLE,"SEDAN, 4 DOOR",W,Unspecified,0,TURNING LEFT,APPARENTLY NORMAL,PICKUP,W,41,0,GOING STRAIGHT,APPARENTLY NORMAL,DRY,DAYLIGHT,LVMPD,NO
452,PROPERTY DAMAGE ONLY,CLARK,1/5/16,CRAIG RD,0,AT INT,RAIN,0,0,ANGLE,"SEDAN, 4 DOOR",W,18,0,TURNING LEFT,OTHER IMPROPER DRIVING,"SEDAN, 4 DOOR",E,45,0,GOING STRAIGHT,APPARENTLY NORMAL,DRY,DARK - SPOT LIGHTING,NHP,NO
483,INJURY CRASH,CLARK,1/5/16,SR599N TO ANN RD INT90B,28,S,CLOUDY,0,1,REAR-END,PICKUP,N,39,1,GOING STRAIGHT,APPARENTLY NORMAL,CARRY-ALL,N,50,1,STOPPED,APPARENTLY NORMAL,DRY,DAWN,NHP,NO
401,INJURY CRASH,CLARK,1/5/16,GRAND CANYON DR,0,AT INT,RAIN,0,5,ANGLE,CONVERTIBLE,E,17,0,GOING STRAIGHT,APPARENTLY NORMAL,PICKUP,N,16,0,GOING STRAIGHT,APPARENTLY NORMAL,DRY,DARK - NO LIGHTING,LVMPD,NO
480,INJURY CRASH,CLARK,1/5/16,CC215S,10,N,CLOUDY,0,1,REAR-END,"SEDAN, 4 DOOR",S,39,1,GOING STRAIGHT,APPARENTLY NORMAL,CARRY-ALL,S,34,1,GOING STRAIGHT,APPARENTLY NORMAL,DRY,DAYLIGHT,NHP,NO
578,INJURY CRASH,CLARK,1/6/16,N BUFFALO DR,288,N,CLOUDY,0,2,ANGLE,CARRY-ALL,N,25,1,NOT REPORTED,APPARENTLY NORMAL,"SEDAN, 4 DOOR",S,33,1,GOING STRAIGHT,APPARENTLY NORMAL,DRY,DAYLIGHT,LVMPD,NO
583,INJURY CRASH,CLARK,1/6/16,FORT APACHE RD,0,AT INT,CLOUDY,0,1,ANGLE,CARRY-ALL,E,34,0,GOING STRAIGHT,APPARENTLY NORMAL,CARRY-ALL,N,44,0,TURNING LEFT,APPARENTLY NORMAL,DRY,DAYLIGHT,LVMPD,NO
636,PROPERTY DAMAGE ONLY,CLARK,1/6/16,SKY POINTE DR,233,N,CLOUDY,0,0,NON-COLLISION,CONVERTIBLE,N,57,1,GOING STRAIGHT,DRUG INVOLVEMENT,Unspecified,Unspecified,Unspecified,0,Unspecified,Unspecified,DRY,DARK - NO LIGHTING,LVMPD,NO
678,INJURY CRASH,CLARK,1/6/16,N HUALAPAI WAY,40,N,RAIN,0,1,REAR-END,"SEDAN, 2 DOOR",N,25,0,GOING STRAIGHT,APPARENTLY NORMAL,"SEDAN, 4 DOOR",N,53,0,STOPPED,APPARENTLY NORMAL,DRY,DARK - NO LIGHTING,NHP,NO
637,PROPERTY DAMAGE ONLY,CLARK,1/6/16,SUMMERLIN PKWY TO CC215S,30,N,RAIN,0,0,NON-COLLISION,PICKUP,W,36,0,GOING STRAIGHT,APPARENTLY NORMAL,Unspecified,Unspecified,Unspecified,0,Unspecified,Unspecified,DRY,DARK - SPOT LIGHTING,NHP,NO
551,INJURY CRASH,CLARK,1/6/16,SR612,0,AT INT,CLOUDY,0,2,REAR-END,"HATCHBACK, 4 DOOR",N,36,0,CHANGING LANES,APPARENTLY NORMAL,SEMI,N,47,0,GOING STRAIGHT,Unspecified,DRY,DAYLIGHT,LVMPD,NO
573,PROPERTY DAMAGE ONLY,CLARK,1/6/16,SCARLET OAK AVE,296,S,CLOUDY,0,0,ANGLE,"SEDAN, 2 DOOR",S,Unspecified,1,UNKNOWN,Unspecified,FLATBED OR PLATFORM,Unspecified,Unspecified,1,PARKED,Unspecified,DRY,DARK - SPOT LIGHTING,LVMPD,NO
579,INJURY CRASH,CLARK,1/6/16,E BONANZA RD,5,N,CLOUDY,0,1,NON-COLLISION,"SEDAN, 4 DOOR",S,23,0,TURNING RIGHT,APPARENTLY NORMAL,Unspecified,Unspecified,Unspecified,0,Unspecified,Unspecified,DRY,DAYLIGHT,LVMPD,YES
588,PROPERTY DAMAGE ONLY,CLARK,1/6/16,MOJAVE RD,0,AT INT,CLEAR,0,0,ANGLE,"SEDAN, 2 DOOR",E,49,0,GOING STRAIGHT,APPARENTLY NORMAL,"HARDTOP, 2 DOOR",S,22,0,GOING STRAIGHT,APPARENTLY NORMAL,DRY,DAYLIGHT,LVMPD,NO
594,INJURY CRASH,CLARK,1/6/16,SR159,0,AT INT,CLOUDY,0,3,ANGLE,"SEDAN, 4 DOOR",N,58,0,GOING STRAIGHT,APPARENTLY NORMAL,"SEDAN, 4 DOOR",W,51,0,GOING STRAIGHT,"FELL ASLEEP, FAINTED, FATIGUED, ETC.",DRY,DAYLIGHT,LVMPD,NO
598,INJURY CRASH,CLARK,1/6/16,SR612,152,S,CLOUDY,0,1,REAR-END,"SEDAN, 4 DOOR",N,18,0,GOING STRAIGHT,APPARENTLY NORMAL,3-DOOR,N,25,0,STOPPED,APPARENTLY NORMAL,DRY,DARK - CONTINUOUS LIGHTING,LVMPD,NO
604,PROPERTY DAMAGE ONLY,CLARK,1/6/16,KENICOTT PL,0,AT INT,CLOUDY,0,0,NON-COLLISION,CARRY-ALL,S,Unspecified,0,GOING STRAIGHT,Unspecified,Unspecified,Unspecified,Unspecified,0,Unspecified,Unspecified,DRY,DARK - CONTINUOUS LIGHTING,LVMPD,NO
545,PROPERTY DAMAGE ONLY,CLARK,1/6/16,VALLEY VIEW BLVD N/S TO US95S,400,W,CLOUDY: RAIN,0,0,NON-COLLISION,PICKUP,S,32,0,GOING STRAIGHT,APPARENTLY NORMAL,Unspecified,Unspecified,Unspecified,0,Unspecified,Unspecified,DRY,DARK - SPOT LIGHTING,NHP,NO
564,INJURY CRASH,CLARK,1/6/16,SR589,100,E,CLEAR,0,1,REAR-END,CARRY-ALL,W,30,0,GOING STRAIGHT,APPARENTLY NORMAL,CARRY-ALL,W,21,0,STOPPED,APPARENTLY NORMAL,DRY,DAYLIGHT,NHP,NO
586,PROPERTY DAMAGE ONLY,CLARK,1/6/16,LAKE MEAD BLVD,35,W,CLOUDY,0,0,REAR-END,CARRY-ALL,E,47,0,GOING STRAIGHT,APPARENTLY NORMAL,"HATCHBACK, 4 DOOR",E,68,0,STOPPED,APPARENTLY NORMAL,DRY,DAYLIGHT,LVMPD,NO
599,INJURY CRASH,CLARK,1/6/16,SR589,50,W,CLOUDY,0,1,REAR-END,Unspecified,E,Unspecified,1,GOING STRAIGHT,Unspecified,"SEDAN, 4 DOOR",E,55,1,STOPPED,APPARENTLY NORMAL,DRY,DARK - CONTINUOUS LIGHTING,LVMPD,NO
638,PROPERTY DAMAGE ONLY,CLARK,1/6/16,IR15S,500,N,CLOUDY,0,0,ANGLE,"SEDAN, 4 DOOR",S,23,4,GOING STRAIGHT,APPARENTLY NORMAL,"TRACTOR TRUCK, GASOLINE",S,40,4,GOING STRAIGHT,APPARENTLY NORMAL,WET,DARK - SPOT LIGHTING,NHP,NO
639,PROPERTY DAMAGE ONLY,CLARK,1/6/16,US95N TO SUMMERLIN PKWY W INT81,600,N,CLEAR,0,0,"SIDESWIPE, OVERTAKING","SEDAN, 4 DOOR",W,84,1,CHANGING LANES,APPARENTLY NORMAL,UTILITY,W,57,1,GOING STRAIGHT,APPARENTLY NORMAL,DRY,DAYLIGHT,NHP,NO
659,INJURY CRASH,CLARK,1/6/16,SR596,15,N,CLOUDY,0,1,REAR-END,"HATCHBACK, 2 DOOR",S,22,2,GOING STRAIGHT,APPARENTLY NORMAL,"SEDAN, 4 DOOR",S,50,2,STOPPED,APPARENTLY NORMAL,DRY,DAYLIGHT,NHP,NO
669,INJURY CRASH,CLARK,1/6/16,US95S TO SR599S INT77,5,N,CLOUDY,0,1,REAR-END,CARRY-ALL,S,38,0,GOING STRAIGHT,APPARENTLY NORMAL,"SEDAN, 4 DOOR",S,24,0,STOPPED,APPARENTLY NORMAL,DRY,DAYLIGHT,NHP,NO
670,PROPERTY DAMAGE ONLY,CLARK,1/6/16,US95S,650,W,CLEAR,0,0,ANGLE,"SEDAN, 4 DOOR",S,20,0,NOT REPORTED,APPARENTLY NORMAL,"SEDAN, 4 DOOR",S,50,5,GOING STRAIGHT,APPARENTLY NORMAL,DRY,DAYLIGHT,NHP,NO
676,INJURY CRASH,CLARK,1/6/16,US95S TO IR15S INT42,50,S,CLOUDY,0,1,NON-COLLISION,"SEDAN, 4 DOOR",S,26,0,NOT REPORTED,APPARENTLY NORMAL,Unspecified,Unspecified,Unspecified,0,Unspecified,Unspecified,DRY,DAYLIGHT,NHP,NO
542,PROPERTY DAMAGE ONLY,CLARK,1/6/16,N DECATUR BLVD,16,N,CLOUDY: RAIN,0,0,NON-COLLISION,"HATCHBACK, 4 DOOR",N,22,1,GOING STRAIGHT,APPARENTLY NORMAL,Unspecified,Unspecified,Unspecified,0,Unspecified,Unspecified,DRY,DARK - CONTINUOUS LIGHTING,LVMPD,NO
543,PROPERTY DAMAGE ONLY,CLARK,1/6/16,RIVERSIDE DR,387,S,CLOUDY: RAIN,0,0,"SIDESWIPE, OVERTAKING",COUPE,N,Unspecified,0,NOT REPORTED,APPARENTLY NORMAL,PICKUP,Unspecified,Unspecified,0,PARKED,Unspecified,Unspecified,Unspecified,LVMPD,NO
546,PROPERTY DAMAGE ONLY,CLARK,1/6/16,US95N,600,W,CLOUDY: RAIN,0,0,NON-COLLISION,"SEDAN, 4 DOOR",N,53,0,NOT REPORTED,APPARENTLY NORMAL,Unspecified,Unspecified,Unspecified,0,Unspecified,Unspecified,DRY,DARK - CONTINUOUS LIGHTING,NHP,NO
576,PROPERTY DAMAGE ONLY,CLARK,1/6/16,N TONOPAH DR,0,AT INT,CLOUDY,0,0,"SIDESWIPE, OVERTAKING",Unspecified,S,31,0,PASSING OTHER VEHICLE,Unspecified,CARRY-ALL,S,61,0,GOING STRAIGHT,APPARENTLY NORMAL,DRY,DAYLIGHT,LVMPD,NO
580,PROPERTY DAMAGE ONLY,CLARK,1/6/16,EUGENE AVE,194,W,CLEAR,0,0,ANGLE,"SEDAN, 4 DOOR",Unspecified,Unspecified,1,GOING STRAIGHT,Unspecified,PICKUP,Unspecified,Unspecified,1,PARKED,Unspecified,DRY,DAYLIGHT,LVMPD,NO
584,INJURY CRASH,CLARK,1/6/16,OWENS AVE,0,AT INT,CLOUDY,0,2,ANGLE,"SEDAN, 4 DOOR",E,23,0,GOING STRAIGHT,APPARENTLY NORMAL,"SEDAN, 2 DOOR",E,24,0,TURNING LEFT,APPARENTLY NORMAL,DRY,DAYLIGHT,LVMPD,NO
590,PROPERTY DAMAGE ONLY,CLARK,1/6/16,SR596,470,S,CLOUDY,0,0,NON-COLLISION,CONVERTIBLE,N,Unspecified,0,TURNING LEFT,APPARENTLY NORMAL,Unspecified,Unspecified,Unspecified,0,Unspecified,Unspecified,Unspecified,Unspecified,LVMPD,NO
635,PROPERTY DAMAGE ONLY,CLARK,1/6/16,N 4TH ST,430,N,CLEAR,0,0,NON-COLLISION,"SEDAN, 4 DOOR",N,Unspecified,0,NOT REPORTED,OTHER IMPROPER DRIVING,Unspecified,Unspecified,Unspecified,0,Unspecified,Unspecified,DRY,DARK - NO LIGHTING,LVMPD,NO
663,PROPERTY DAMAGE ONLY,CLARK,1/6/16,IR15N,100,N,CLOUDY,0,0,NON-COLLISION,"SEDAN, 4 DOOR",N,48,4,GOING STRAIGHT,APPARENTLY NORMAL,Unspecified,Unspecified,Unspecified,0,Unspecified,Unspecified,DRY,DARK - SPOT LIGHTING,NHP,NO
668,PROPERTY DAMAGE ONLY,CLARK,1/6/16,US95S,25,W,CLOUDY,0,0,ANGLE,CARRY-ALL,S,59,1,CHANGING LANES,APPARENTLY NORMAL,VAN,S,57,1,GOING STRAIGHT,APPARENTLY NORMAL,DRY,DAYLIGHT,NHP,NO
671,PROPERTY DAMAGE ONLY,CLARK,1/6/16,US95S,300,N,CLEAR,0,0,REAR-END,CARRY-ALL,S,26,1,GOING STRAIGHT,APPARENTLY NORMAL,"HATCHBACK, 4 DOOR",S,23,1,GOING STRAIGHT,APPARENTLY NORMAL,DRY,DUSK,NHP,NO
745,PROPERTY DAMAGE ONLY,CLARK,1/7/16,IR15N,123,N,CLOUDY,0,0,"SIDESWIPE, OVERTAKING","HATCHBACK, 4 DOOR",Unspecified,Unspecified,3,NOT REPORTED,Unspecified,SEMI,N,30,3,GOING STRAIGHT,APPARENTLY NORMAL,WET,DAYLIGHT,NHP,NO
672,INJURY CRASH,CLARK,1/6/16,US95N,1500,E,CLEAR,0,2,REAR-END,"SEDAN, 4 DOOR",N,42,1,GOING STRAIGHT,APPARENTLY NORMAL,"SEDAN, 4 DOOR",N,29,1,STOPPED,APPARENTLY NORMAL,DRY,DARK - SPOT LIGHTING,NHP,NO
674,PROPERTY DAMAGE ONLY,CLARK,1/6/16,SR573,0,AT INT,RAIN,0,0,ANGLE,PICKUP,W,42,0,TURNING LEFT,OTHER IMPROPER DRIVING,PICKUP,W,31,0,TURNING LEFT,APPARENTLY NORMAL,DRY,DAWN,NHP,NO
675,PROPERTY DAMAGE ONLY,CLARK,1/6/16,SR573,5,E,CLOUDY,0,0,REAR-END,"SEDAN, 4 DOOR",W,31,0,GOING STRAIGHT,APPARENTLY NORMAL,"SEDAN, 4 DOOR",W,24,0,STOPPED,APPARENTLY NORMAL,DRY,DAYLIGHT,NHP,NO
701,PROPERTY DAMAGE ONLY,CLARK,1/7/16,N BUFFALO DR,0,AT INT,CLOUDY,0,0,ANGLE,"SEDAN, 4 DOOR",E,55,2,NOT REPORTED,APPARENTLY NORMAL,"SEDAN, 4 DOOR",N,35,2,GOING STRAIGHT,APPARENTLY NORMAL,DRY,DAYLIGHT,LVMPD,NO
727,PROPERTY DAMAGE ONLY,CLARK,1/7/16,FRONTAGE RD,0,AT INT,CLEAR,0,0,ANGLE,COUPE,S,47,0,GOING STRAIGHT,HAD BEEN DRINKING,"SEDAN, 4 DOOR",N,40,0,TURNING LEFT,APPARENTLY NORMAL,DRY,DARK - CONTINUOUS LIGHTING,LVMPD,NO
696,PROPERTY DAMAGE ONLY,CLARK,1/7/16,CIELO VISTA AVE,0,AT INT,CLEAR,0,0,ANGLE,"SEDAN, 4 DOOR",N,Unspecified,0,TURNING LEFT,APPARENTLY NORMAL,CARRY-ALL,E,Unspecified,0,GOING STRAIGHT,APPARENTLY NORMAL,Unspecified,Unspecified,LVMPD,NO
700,PROPERTY DAMAGE ONLY,CLARK,1/7/16,RAMPART BLVD,65,S,CLEAR,0,0,NON-COLLISION,"SEDAN, 4 DOOR",S,Unspecified,0,GOING STRAIGHT,APPARENTLY NORMAL,Unspecified,Unspecified,Unspecified,0,Unspecified,Unspecified,Unspecified,Unspecified,LVMPD,NO
718,INJURY CRASH,CLARK,1/7/16,S BUFFALO DR,0,AT INT,CLOUDY,0,2,ANGLE,"SEDAN, 4 DOOR",N,69,0,TURNING LEFT,APPARENTLY NORMAL,CARRY-ALL,S,22,0,GOING STRAIGHT,APPARENTLY NORMAL,DRY,DUSK,LVMPD,NO
730,PROPERTY DAMAGE ONLY,CLARK,1/7/16,VILLAGE CENTER CIR,0,AT INT,CLOUDY,0,0,ANGLE,"HATCHBACK, 4 DOOR",W,Unspecified,0,NOT REPORTED,APPARENTLY NORMAL,CARRY-ALL,S,Unspecified,0,GOING STRAIGHT,APPARENTLY NORMAL,Unspecified,Unspecified,LVMPD,NO
738,INJURY CRASH,CLARK,1/7/16,FORT APACHE RD,50,S,CLOUDY,0,1,NON-COLLISION,MOPED,S,44,3,GOING STRAIGHT,OBSTRUCTED VIEW,Unspecified,Unspecified,Unspecified,0,Unspecified,Unspecified,DRY,DAYLIGHT,LVMPD,NO
787,PROPERTY DAMAGE ONLY,CLARK,1/7/16,N BUFFALO DR,100,S,CLOUDY,0,0,NON-COLLISION,"SEDAN, 4 DOOR",S,Unspecified,0,DRIVERLESS-MOVING VEHICLE,APPARENTLY NORMAL,Unspecified,Unspecified,Unspecified,0,Unspecified,Unspecified,DRY,DARK - SPOT LIGHTING,NHP,NO
693,PROPERTY DAMAGE ONLY,CLARK,1/7/16,JAMES ST,0,AT INT,CLEAR,0,0,BACKING,BUS,S,Unspecified,0,BACKING UP,APPARENTLY NORMAL,"SEDAN, 4 DOOR",S,Unspecified,0,STOPPED,APPARENTLY NORMAL,Unspecified,Unspecified,CLSD,NO
698,INJURY CRASH,CLARK,1/7/16,SR612,10,S,CLOUDY,0,2,REAR-END,CARRY-ALL,N,68,3,GOING STRAIGHT,APPARENTLY NORMAL,"SEDAN, 4 DOOR",N,27,3,STOPPED,APPARENTLY NORMAL,WET,DAYLIGHT,LVMPD,YES
726,INJURY CRASH,CLARK,1/7/16,N PECOS RD,0,AT INT,CLOUDY,0,1,NON-COLLISION,"SEDAN, 4 DOOR",N,81,0,TURNING RIGHT,APPARENTLY NORMAL,Unspecified,Unspecified,Unspecified,0,Unspecified,Unspecified,DRY,DARK - CONTINUOUS LIGHTING,LVMPD,YES
746,INJURY CRASH,CLARK,1/7/16,IR15N,193,S,CLOUDY,0,2,REAR-END,PICKUP,N,72,4,GOING STRAIGHT,APPARENTLY NORMAL,SEDAN,N,27,4,STOPPED,APPARENTLY NORMAL,WET,DAYLIGHT,NHP,NO
691,INJURY CRASH,CLARK,1/7/16,SR159,145,E,CLOUDY,0,1,REAR-END,"SEDAN, 4 DOOR",W,24,3,GOING STRAIGHT,APPARENTLY NORMAL,"SEDAN, 4 DOOR",E,40,3,GOING STRAIGHT,APPARENTLY NORMAL,DRY,DAYLIGHT,LVMPD,NO
703,PROPERTY DAMAGE ONLY,CLARK,1/7/16,WYANDOTTE ST,87,S,CLOUDY,0,0,ANGLE,CARRY-ALL,N,22,1,GOING STRAIGHT,APPARENTLY NORMAL,CARRY-ALL,Unspecified,Unspecified,1,PARKED,Unspecified,DRY,DAYLIGHT,LVMPD,NO
717,PROPERTY DAMAGE ONLY,CLARK,1/7/16,ALTA DR,30,E,CLEAR,0,0,REAR-END,"HATCHBACK, 2 DOOR",W,Unspecified,0,GOING STRAIGHT,"FELL ASLEEP, FAINTED, FATIGUED, ETC.","SEDAN, 4 DOOR",W,Unspecified,0,GOING STRAIGHT,APPARENTLY NORMAL,Unspecified,Unspecified,LVMPD,NO
739,PROPERTY DAMAGE ONLY,CLARK,1/7/16,US95S,50,N,CLEAR,0,0,ANGLE,PICKUP,S,Unspecified,3,GOING STRAIGHT,Unspecified,"SEDAN, 4 DOOR",S,28,3,GOING STRAIGHT,HAD BEEN DRINKING,DRY,DARK - SPOT LIGHTING,NHP,NO
741,INJURY CRASH,CLARK,1/7/16,IR15N,900,S,CLEAR,0,1,REAR-END,"TRACTOR TRUCK, GASOLINE",N,45,0,GOING STRAIGHT,APPARENTLY NORMAL,"SEDAN, 4 DOOR",N,40,0,STOPPED,APPARENTLY NORMAL,DRY,DAYLIGHT,NHP,NO
743,PROPERTY DAMAGE ONLY,CLARK,1/7/16,SR589W/E TO IR15N INT40,25,N,CLEAR,0,0,ANGLE,"SEDAN, 4 DOOR",N,79,0,NOT REPORTED,APPARENTLY NORMAL,UTILITY,N,49,0,GOING STRAIGHT,APPARENTLY NORMAL,DRY,DAYLIGHT,NHP,NO
749,INJURY CRASH,CLARK,1/7/16,US95N,2640,S,CLOUDY,0,1,NON-COLLISION,"SEDAN, 4 DOOR",N,28,0,GOING STRAIGHT,APPARENTLY NORMAL,Unspecified,Unspecified,Unspecified,0,Unspecified,Unspecified,DRY,DARK - SPOT LIGHTING,NHP,NO
750,INJURY CRASH,CLARK,1/7/16,US95N,100,S,CLEAR,0,1,REAR-END,"HATCHBACK, 2 DOOR",N,68,2,GOING STRAIGHT,APPARENTLY NORMAL,PICKUP,N,39,2,GOING STRAIGHT,APPARENTLY NORMAL,DRY,DARK - CONTINUOUS LIGHTING,NHP,NO