FileID,CrashSeverity,County,CrashDate,PrimaryStreet,Distance,Direction,Weather,NumberOfFatalities,NumberOfInjured,CrashType,FirstVehicleType,FirstVehicleDirection,FirstDriverAge,FirstVehicleLane,FirstVehicleAction,FirstDriverCondition,SecondVehicleType,SecondVehicleDirection,SecondDriverAge,SecondVehicleLane,SecondVehicleAction,SecondDriverCondition,RoadCondition,Lighting,AgencyName,PedestrianInvolved
1298,PROPERTY DAMAGE ONLY,CLARK,1/13/16,US95N,120,E,CLEAR,0,0,"SIDESWIPE, OVERTAKING","SEDAN, 4 DOOR",N,34,0,UNKNOWN,APPARENTLY NORMAL,FLATBED OR PLATFORM,N,38,5,UNKNOWN,APPARENTLY NORMAL,DRY,DAYLIGHT,NHP,NO
1303,INJURY CRASH,CLARK,1/13/16,US95N,278,S,CLEAR,0,1,REAR-END,"SEDAN, 4 DOOR",N,19,2,GOING STRAIGHT,APPARENTLY NORMAL,PICKUP,N,34,2,STOPPED,APPARENTLY NORMAL,DRY,DARK - SPOT LIGHTING,NHP,NO
1315,INJURY CRASH,CLARK,1/13/16,US95S,50,N,CLOUDY,0,1,REAR-END,"SEDAN, 4 DOOR",S,19,3,GOING STRAIGHT,APPARENTLY NORMAL,CARRY-ALL,S,28,3,STOPPED,APPARENTLY NORMAL,DRY,DUSK,NHP,NO
1319,PROPERTY DAMAGE ONLY,CLARK,1/13/16,VALLEY VIEW BLVD,30,N,CLEAR,0,0,"SIDESWIPE, OVERTAKING","SEDAN, 4 DOOR",S,29,1,GOING STRAIGHT,Unspecified,STATION WAGON,S,43,1,STOPPED,APPARENTLY NORMAL,DRY,DARK - SPOT LIGHTING,NHP,NO
1248,PROPERTY DAMAGE ONLY,CLARK,1/13/16,LAS VEGAS BLVD,100,N,CLEAR,0,0,ANGLE,CARRY-ALL,S,Unspecified,0,CHANGING LANES,APPARENTLY NORMAL,VAN,S,Unspecified,0,GOING STRAIGHT,APPARENTLY NORMAL,Unspecified,Unspecified,LVMPD,NO
1252,INJURY CRASH,CLARK,1/13/16,SIMMONS ST,0,AT INT,CLOUDY,0,1,REAR-END,"SEDAN, 4 DOOR",N,23,0,GOING STRAIGHT,APPARENTLY NORMAL,PICKUP,N,49,0,STOPPED,APPARENTLY NORMAL,DRY,DAYLIGHT,LVMPD,NO
1255,INJURY CRASH,CLARK,1/13/16,SR574,0,AT INT,CLEAR,0,2,ANGLE,CARRY-ALL,N,74,0,TURNING RIGHT,APPARENTLY NORMAL,"SEDAN, 4 DOOR",E,62,0,GOING STRAIGHT,APPARENTLY NORMAL,DRY,DAYLIGHT,LVMPD,NO
1288,PROPERTY DAMAGE ONLY,CLARK,1/13/16,US95N TO LAKE MEAD BLVD W INT82,5,N,CLEAR,0,0,REAR-END,"SEDAN, 4 DOOR",N,35,0,GOING STRAIGHT,APPARENTLY NORMAL,CARRY-ALL,N,43,0,STOPPED,APPARENTLY NORMAL,DRY,DAYLIGHT,NHP,NO
1304,PROPERTY DAMAGE ONLY,CLARK,1/13/16,US95N,500,E,CLEAR,0,0,REAR-END,"SEDAN, 4 DOOR",N,29,1,GOING STRAIGHT,Unspecified,"SEDAN, 4 DOOR",N,71,1,STOPPED,APPARENTLY NORMAL,DRY,DARK - SPOT LIGHTING,NHP,NO
1305,INJURY CRASH,CLARK,1/13/16,US95N,200,E,CLEAR,0,1,REAR-END,"SEDAN, 4 DOOR",N,29,3,GOING STRAIGHT,APPARENTLY NORMAL,VAN,N,32,3,STOPPED,APPARENTLY NORMAL,DRY,DARK - CONTINUOUS LIGHTING,NHP,NO
1312,PROPERTY DAMAGE ONLY,CLARK,1/13/16,US95S,280,S,CLEAR,0,0,REAR-END,VAN,S,27,2,GOING STRAIGHT,APPARENTLY NORMAL,"SEDAN, 4 DOOR",S,18,2,GOING STRAIGHT,APPARENTLY NORMAL,WET,DAYLIGHT,NHP,NO
1313,PROPERTY DAMAGE ONLY,CLARK,1/13/16,US95S,1700,S,CLOUDY,0,0,REAR-END,"SEDAN, 2 DOOR",S,Unspecified,4,GOING STRAIGHT,Unspecified,AMBULANCE,S,56,4,GOING STRAIGHT,APPARENTLY NORMAL,DRY,DAYLIGHT,NHP,NO
1317,PROPERTY DAMAGE ONLY,CLARK,1/13/16,IR15S,1320,N,CLOUDY,0,0,REAR-END,CARRY-ALL,S,Unspecified,2,NOT REPORTED,Unspecified,"SEDAN, 4 DOOR",S,56,2,STOPPED,APPARENTLY NORMAL,DRY,DAYLIGHT,NHP,NO
1244,PROPERTY DAMAGE ONLY,CLARK,1/13/16,MANITO CIR,281,W,CLEAR,0,0,ANGLE,"SEDAN, 2 DOOR",W,Unspecified,1,BACKING UP,Unspecified,PICKUP,W,67,1,STOPPED,APPARENTLY NORMAL,DRY,DAYLIGHT,LVMPD,NO
1285,PROPERTY DAMAGE ONLY,CLARK,1/13/16,CHEYENNE AVE,110,W,CLEAR,0,0,NON-COLLISION,UTILITY,W,37,3,GOING STRAIGHT,APPARENTLY NORMAL,Unspecified,Unspecified,Unspecified,0,Unspecified,Unspecified,DRY,DAYLIGHT,NHP,NO
1289,PROPERTY DAMAGE ONLY,CLARK,1/13/16,CC215N,500,S,CLOUDY,0,0,REAR-END,"SEDAN, 4 DOOR",N,23,3,GOING STRAIGHT,APPARENTLY NORMAL,"SEDAN, 4 DOOR",N,24,3,STOPPED,APPARENTLY NORMAL,WET,DARK - SPOT LIGHTING,NHP,NO
1411,INJURY CRASH,CLARK,1/14/16,US95N TO DURANGO DR INT93,60,S,CLEAR,0,1,NON-COLLISION,PICKUP,N,27,0,GOING STRAIGHT,HAD BEEN DRINKING,Unspecified,Unspecified,Unspecified,0,Unspecified,Unspecified,DRY,DARK - SPOT LIGHTING,NHP,NO
1419,INJURY CRASH,CLARK,1/14/16,US95N TO FRCL24 INT91,30,S,CLEAR,0,1,BACKING,PICKUP,N,58,0,BACKING UP,APPARENTLY NORMAL,"HARDTOP, 2 DOOR",N,25,0,STOPPED,APPARENTLY NORMAL,DRY,DARK - SPOT LIGHTING,NHP,NO
1321,INJURY CRASH,CLARK,1/14/16,N PECOS RD,350,N,CLEAR,0,3,NON-COLLISION,"SEDAN, 2 DOOR",S,20,2,GOING STRAIGHT,APPARENTLY NORMAL,Unspecified,Unspecified,Unspecified,0,Unspecified,Unspecified,DRY,DAYLIGHT,LVMPD,YES
1322,INJURY CRASH,CLARK,1/14/16,E WASHINGTON AVE,500,N,CLEAR,0,1,NON-COLLISION,CARRY-ALL,S,40,0,NOT REPORTED,APPARENTLY NORMAL,Unspecified,Unspecified,Unspecified,0,Unspecified,Unspecified,DRY,DAYLIGHT,LVMPD,NO
1349,INJURY CRASH,CLARK,1/14/16,SR159,0,AT INT,CLEAR,0,2,ANGLE,CARRY-ALL,E,26,0,TURNING LEFT,APPARENTLY NORMAL,"SEDAN, 4 DOOR",W,45,0,GOING STRAIGHT,APPARENTLY NORMAL,DRY,DAYLIGHT,LVMPD,NO
1351,INJURY CRASH,CLARK,1/14/16,OWENS AVE,0,AT INT,CLOUDY,0,1,ANGLE,PICKUP,E,21,0,TURNING LEFT,APPARENTLY NORMAL,PICKUP,W,65,0,GOING STRAIGHT,APPARENTLY NORMAL,DRY,DAYLIGHT,LVMPD,NO
1378,INJURY CRASH,CLARK,1/14/16,SR612,38,N,CLEAR,0,1,REAR-END,"SEDAN, 4 DOOR",S,30,3,GOING STRAIGHT,APPARENTLY NORMAL,"SEDAN, 4 DOOR",S,20,3,STOPPED,APPARENTLY NORMAL,DRY,DARK - SPOT LIGHTING,LVMPD,NO
1384,PROPERTY DAMAGE ONLY,CLARK,1/14/16,US95N,500,N,CLEAR,0,0,"SIDESWIPE, MEETING",CARRY-ALL,N,31,1,NOT REPORTED,APPARENTLY NORMAL,"SEDAN, 4 DOOR",N,25,1,GOING STRAIGHT,APPARENTLY NORMAL,WET,DAYLIGHT,NHP,NO
1386,PROPERTY DAMAGE ONLY,CLARK,1/14/16,US95N,500,N,CLEAR,0,0,REAR-END,"SEDAN, 4 DOOR",N,32,1,GOING STRAIGHT,APPARENTLY NORMAL,"SEDAN, 4 DOOR",N,41,1,STOPPED,APPARENTLY NORMAL,WET,DAYLIGHT,NHP,NO
1423,INJURY CRASH,CLARK,1/14/16,OWENS AVE,0,AT INT,CLEAR,0,1,HEAD-ON,VAN,N,21,0,TURNING RIGHT,APPARENTLY NORMAL,"SEDAN, 4 DOOR",S,40,0,GOING STRAIGHT,APPARENTLY NORMAL,DRY,DAYLIGHT,NLPD,NO
1323,INJURY CRASH,CLARK,1/14/16,REDSTONE ST,192,N,CLEAR,0,1,ANGLE,CARRY-ALL,W,24,1,BACKING UP,OTHER IMPROPER DRIVING,Unspecified,Unspecified,Unspecified,0,Unspecified,Unspecified,DRY,DAYLIGHT,LVMPD,NO
1337,PROPERTY DAMAGE ONLY,CLARK,1/14/16,W OAKEY BLVD,0,AT INT,CLEAR,0,0,ANGLE,"SEDAN, 4 DOOR",E,68,0,GOING STRAIGHT,APPARENTLY NORMAL,PICKUP,S,53,0,GOING STRAIGHT,APPARENTLY NORMAL,DRY,DAWN,LVMPD,NO
1343,PROPERTY DAMAGE ONLY,CLARK,1/14/16,SR159,172,E,CLEAR,0,0,REAR-END,"SEDAN, 2 DOOR",E,Unspecified,0,GOING STRAIGHT,APPARENTLY NORMAL,"SEDAN, 4 DOOR",E,Unspecified,0,STOPPED,APPARENTLY NORMAL,Unspecified,Unspecified,LVMPD,NO
1347,PROPERTY DAMAGE ONLY,CLARK,1/14/16,WALT LOTT DR,193,E,CLEAR,0,0,NON-COLLISION,Unspecified,W,Unspecified,0,GOING STRAIGHT,Unspecified,Unspecified,Unspecified,Unspecified,0,Unspecified,Unspecified,DRY,DAYLIGHT,LVMPD,YES
1363,INJURY CRASH,CLARK,1/14/16,S VALLEY VIEW BLVD,30,S,CLEAR,0,2,REAR-END,VAN,Unspecified,Unspecified,2,GOING STRAIGHT,Unspecified,CARRY-ALL,N,44,2,STOPPED,APPARENTLY NORMAL,DRY,DAYLIGHT,LVMPD,NO
1364,INJURY CRASH,CLARK,1/14/16,IR15S,593,N,CLOUDY,0,1,REAR-END,"SEDAN, 4 DOOR",S,30,1,GOING STRAIGHT,APPARENTLY NORMAL,"SEDAN, 4 DOOR",S,45,1,GOING STRAIGHT,APPARENTLY NORMAL,DRY,DAYLIGHT,LVMPD,NO
1366,PROPERTY DAMAGE ONLY,CLARK,1/14/16,W WASHINGTON AVE,185,W,CLEAR,0,0,ANGLE,BUS,E,48,1,TURNING LEFT,APPARENTLY NORMAL,"SEDAN, 4 DOOR",W,28,1,GOING STRAIGHT,APPARENTLY NORMAL,DRY,DAYLIGHT,LVMPD,NO
1369,PROPERTY DAMAGE ONLY,CLARK,1/14/16,SR159,0,AT INT,CLEAR,0,0,ANGLE,"SEDAN, 4 DOOR",E,Unspecified,0,TURNING LEFT,APPARENTLY NORMAL,"SEDAN, 4 DOOR",W,Unspecified,0,GOING STRAIGHT,APPARENTLY NORMAL,Unspecified,Unspecified,LVMPD,NO
1376,INJURY CRASH,CLARK,1/14/16,SR159,23,W,CLEAR,0,1,REAR-END,"SEDAN, 4 DOOR",E,36,2,GOING STRAIGHT,APPARENTLY NORMAL,"SEDAN, 4 DOOR",E,26,2,STOPPED,APPARENTLY NORMAL,DRY,DARK - CONTINUOUS LIGHTING,LVMPD,NO
1383,PROPERTY DAMAGE ONLY,CLARK,1/14/16,IR15N TO SR589W/E INT40,150,S,CLEAR,0,0,REAR-END,PICKUP,N,37,0,GOING STRAIGHT,APPARENTLY NORMAL,CARRY-ALL,N,32,0,STOPPED,APPARENTLY NORMAL,DRY,DAYLIGHT,NHP,NO
1385,INJURY CRASH,CLARK,1/14/16,SR589,0,AT INT,CLOUDY,0,1,ANGLE,SEDAN,W,34,0,GOING STRAIGHT,INATTENTION/DISTRACTED,"SEDAN, 2 DOOR",E,46,0,TURNING LEFT,APPARENTLY NORMAL,DRY,DAYLIGHT,NHP,NO
1388,PROPERTY DAMAGE ONLY,CLARK,1/14/16,IR15N,800,N,CLEAR,0,0,ANGLE,"SEDAN, 4 DOOR",N,37,1,CHANGING LANES,APPARENTLY NORMAL,"HARDTOP, 4 DOOR",N,72,1,GOING STRAIGHT,APPARENTLY NORMAL,WET,DAYLIGHT,NHP,NO
1389,PROPERTY DAMAGE ONLY,CLARK,1/14/16,IR15N,20,N,CLEAR,0,0,NON-COLLISION,"TRACTOR TRUCK, DIESEL",N,39,4,GOING STRAIGHT,Unspecified,Unspecified,Unspecified,Unspecified,0,Unspecified,Unspecified,DRY,DAYLIGHT,NHP,NO
1390,PROPERTY DAMAGE ONLY,CLARK,1/14/16,IR15S,200,S,CLEAR,0,0,REAR-END,"HATCHBACK, 4 DOOR",S,26,1,GOING STRAIGHT,APPARENTLY NORMAL,"HATCHBACK, 4 DOOR",S,35,1,GOING STRAIGHT,APPARENTLY NORMAL,DRY,DAYLIGHT,NHP,NO
1394,PROPERTY DAMAGE ONLY,CLARK,1/14/16,IR15N,200,S,CLOUDY,0,0,NON-COLLISION,"HARDTOP, 4 DOOR",N,53,0,GOING STRAIGHT,APPARENTLY NORMAL,Unspecified,Unspecified,Unspecified,0,Unspecified,Unspecified,DRY,DAYLIGHT,NHP,NO
1395,PROPERTY DAMAGE ONLY,CLARK,1/14/16,E SUMMERLIN PKWY,1000,W,CLEAR,0,0,ANGLE,"SEDAN, 4 DOOR",E,20,3,CHANGING LANES,APPARENTLY NORMAL,"SEDAN, 4 DOOR",E,29,3,GOING STRAIGHT,APPARENTLY NORMAL,DRY,DARK - SPOT LIGHTING,NHP,NO
1396,INJURY CRASH,CLARK,1/14/16,US95S,800,S,CLEAR,0,1,REAR-END,"HATCHBACK, 2 DOOR",S,20,3,GOING STRAIGHT,APPARENTLY NORMAL,Unspecified,S,Unspecified,3,UNKNOWN,Unspecified,DRY,DARK - SPOT LIGHTING,NHP,NO
1397,PROPERTY DAMAGE ONLY,CLARK,1/14/16,SR589,500,E,CLEAR,0,0,REAR-END,PICKUP,W,34,1,GOING STRAIGHT,APPARENTLY NORMAL,"SEDAN, 4 DOOR",W,55,1,STOPPED,APPARENTLY NORMAL,DRY,DARK - CONTINUOUS LIGHTING,NHP,NO
1409,PROPERTY DAMAGE ONLY,CLARK,1/14/16,US95S,2000,S,CLEAR,0,0,NON-COLLISION,"SEDAN, 4 DOOR",S,19,0,GOING STRAIGHT,APPARENTLY NORMAL,Unspecified,Unspecified,Unspecified,0,Unspecified,Unspecified,DRY,DARK - SPOT LIGHTING,NHP,NO
1413,PROPERTY DAMAGE ONLY,CLARK,1/14/16,DECATUR BLVD,20,N,CLOUDY,0,0,ANGLE,"SEDAN, 2 DOOR",S,25,2,TURNING RIGHT,APPARENTLY NORMAL,CARRY-ALL,S,41,2,GOING STRAIGHT,APPARENTLY NORMAL,DRY,DARK - SPOT LIGHTING,NHP,NO
1336,PROPERTY DAMAGE ONLY,CLARK,1/14/16,J ST,400,N,CLEAR,0,0,ANGLE,"SEDAN, 4 DOOR",N,Unspecified,0,GOING STRAIGHT,APPARENTLY NORMAL,CONVERTIBLE,Unspecified,Unspecified,0,PARKED,Unspecified,Unspecified,Unspecified,LVMPD,NO
1338,PROPERTY DAMAGE ONLY,CLARK,1/14/16,W BONANZA RD,700,E,CLEAR,0,0,ANGLE,"SEDAN, 4 DOOR",W,42,1,NOT REPORTED,APPARENTLY NORMAL,VAN,W,33,1,GOING STRAIGHT,APPARENTLY NORMAL,DRY,DAYLIGHT,LVMPD,NO
1373,INJURY CRASH,CLARK,1/14/16,SMOKE RANCH RD,628,E,CLEAR,0,1,REAR-END,"SEDAN, 4 DOOR",W,77,2,GOING STRAIGHT,HAD BEEN DRINKING,"SEDAN, 4 DOOR",W,31,2,STOPPED,APPARENTLY NORMAL,DRY,DARK - CONTINUOUS LIGHTING,LVMPD,NO
1377,PROPERTY DAMAGE ONLY,CLARK,1/14/16,CROSSWAY DR,21,S,CLEAR,0,0,ANGLE,PICKUP,Unspecified,Unspecified,0,TURNING LEFT,Unspecified,Unspecified,Unspecified,Unspecified,0,Unspecified,Unspecified,DRY,DARK - CONTINUOUS LIGHTING,LVMPD,NO
1379,PROPERTY DAMAGE ONLY,CLARK,1/14/16,SR596,180,S,CLEAR,0,0,ANGLE,"SEDAN, 4 DOOR",S,Unspecified,0,TURNING LEFT,APPARENTLY NORMAL,PICKUP,N,Unspecified,0,GOING STRAIGHT,APPARENTLY NORMAL,Unspecified,Unspecified,LVMPD,NO
1405,INJURY CRASH,CLARK,1/14/16,US95S,1041,S,CLEAR,0,2,REAR-END,"SEDAN, 4 DOOR",S,52,1,GOING STRAIGHT,APPARENTLY NORMAL,"SEDAN, 4 DOOR",S,45,1,STOPPED,APPARENTLY NORMAL,DRY,DAYLIGHT,NHP,NO
1406,INJURY CRASH,CLARK,1/14/16,US95S,50,N,CLEAR,0,1,REAR-END,"SEDAN, 4 DOOR",S,26,1,GOING STRAIGHT,APPARENTLY NORMAL,"SEDAN, 4 DOOR",S,26,1,GOING STRAIGHT,APPARENTLY NORMAL,WET,DAYLIGHT,NHP,NO
1407,PROPERTY DAMAGE ONLY,CLARK,1/14/16,US95S,1016,S,CLEAR,0,0,REAR-END,CARRY-ALL,S,Unspecified,2,GOING STRAIGHT,Unspecified,"HATCHBACK, 4 DOOR",S,40,2,GOING STRAIGHT,APPARENTLY NORMAL,DRY,DAYLIGHT,NHP,NO
1422,PROPERTY DAMAGE ONLY,CLARK,1/14/16,US95S,100,N,CLOUDY,0,0,"SIDESWIPE, OVERTAKING","SEDAN, 4 DOOR",S,76,3,CHANGING LANES,APPARENTLY NORMAL,PICKUP,S,34,3,GOING STRAIGHT,APPARENTLY NORMAL,WET,DAYLIGHT,NHP,NO
1427,PROPERTY DAMAGE ONLY,CLARK,1/14/16,IR15S,500,S,UNKNOWN,0,0,"SIDESWIPE, MEETING",3-DOOR,S,22,3,CHANGING LANES,Unspecified,"TRACTOR TRUCK, DIESEL",S,34,3,GOING STRAIGHT,APPARENTLY NORMAL,DRY,DAWN,NHP,NO
1429,PROPERTY DAMAGE ONLY,CLARK,1/14/16,US95S,200,N,CLEAR,0,0,REAR-END,"SEDAN, 4 DOOR",S,41,1,GOING STRAIGHT,APPARENTLY NORMAL,"SEDAN, 4 DOOR",S,23,1,GOING STRAIGHT,APPARENTLY NORMAL,WET,DAYLIGHT,NHP,NO
1430,INJURY CRASH,CLARK,1/14/16,IR15N TO MLK N/S INT42,25,E,CLEAR,0,1,REAR-END,"SEDAN, 4 DOOR",N,30,0,TURNING RIGHT,APPARENTLY NORMAL,CARRY-ALL,N,43,0,STOPPED,APPARENTLY NORMAL,DRY,DAYLIGHT,NHP,NO
1433,INJURY CRASH,CLARK,1/14/16,IR15N,250,N,CLEAR,0,1,ANGLE,"SEDAN, 2 DOOR",N,30,3,NOT REPORTED,OTHER IMPROPER DRIVING,"SEDAN, 4 DOOR",N,49,3,GOING STRAIGHT,APPARENTLY NORMAL,DRY,DAYLIGHT,NHP,NO
1434,PROPERTY DAMAGE ONLY,CLARK,1/14/16,IR15N TO MLK N/S INT42,500,S,CLEAR,0,0,"SIDESWIPE, OVERTAKING",UTILITY,N,41,2,NOT REPORTED,APPARENTLY NORMAL,"SEDAN, 4 DOOR",N,34,2,GOING STRAIGHT,APPARENTLY NORMAL,DRY,DARK - CONTINUOUS LIGHTING,NHP,NO
1435,PROPERTY DAMAGE ONLY,CLARK,1/14/16,US95N TO IR15S INT42,200,W,CLEAR,0,0,"SIDESWIPE, OVERTAKING",MOTORCYCLE,N,Unspecified,1,UNKNOWN,Unspecified,"HATCHBACK, 4 DOOR",N,23,1,GOING STRAIGHT,APPARENTLY NORMAL,DRY,DARK - SPOT LIGHTING,NHP,NO
1361,PROPERTY DAMAGE ONLY,CLARK,1/14/16,MUSTANG ST,20,S,CLOUDY,0,0,NON-COLLISION,"SEDAN, 4 DOOR",E,Unspecified,1,TURNING RIGHT,Unspecified,Unspecified,Unspecified,Unspecified,0,Unspecified,Unspecified,SNOW,DAYLIGHT,LVMPD,NO
1220,PROPERTY DAMAGE ONLY,CLARK,1/15/16,CENTENNIAL CENTER BLVD,1000,N,CLOUDY,0,0,REAR-END,"SEDAN, 4 DOOR",S,42,2,GOING STRAIGHT,Unspecified,"SEDAN, 4 DOOR",S,24,2,STOPPED,APPARENTLY NORMAL,DRY,DAYLIGHT,LVMPD,NO
1221,INJURY CRASH,CLARK,1/15/16,N BUFFALO DR,825,N,CLEAR,0,3,ANGLE,PICKUP WITH MOUNTED CAMPER,N,30,2,TURNING LEFT,APPARENTLY NORMAL,CARRY-ALL,S,26,2,GOING STRAIGHT,APPARENTLY NORMAL,DRY,DAYLIGHT,LVMPD,NO
1231,PROPERTY DAMAGE ONLY,CLARK,1/15/16,JONES BLVD,0,AT INT,CLEAR,0,0,ANGLE,"SEDAN, 4 DOOR",N,69,0,TURNING LEFT,APPARENTLY NORMAL,"SEDAN, 4 DOOR",S,44,0,GOING STRAIGHT,APPARENTLY NORMAL,DRY,DAYLIGHT,LVMPD,NO
1214,PROPERTY DAMAGE ONLY,CLARK,1/15/16,N TOWN CENTER DR,0,AT INT,CLEAR,0,0,NON-COLLISION,"SEDAN, 4 DOOR",N,Unspecified,0,GOING STRAIGHT,Unspecified,Unspecified,Unspecified,Unspecified,0,Unspecified,Unspecified,DRY,DARK - SPOT LIGHTING,LVMPD,NO
1453,INJURY CRASH,CLARK,1/15/16,LAKE MEAD BLVD,548,W,CLEAR,0,1,ANGLE,"SEDAN, 4 DOOR",S,29,2,TURNING RIGHT,APPARENTLY NORMAL,CARRY-ALL,W,27,2,GOING STRAIGHT,APPARENTLY NORMAL,DRY,DAYLIGHT,LVMPD,NO
1224,INJURY CRASH,CLARK,1/15/16,LAS VEGAS BLVD,0,AT INT,CLOUDY,0,1,ANGLE,"SEDAN, 4 DOOR",N,29,0,TURNING LEFT,APPARENTLY NORMAL,"HATCHBACK, 4 DOOR",S,59,0,GOING STRAIGHT,APPARENTLY NORMAL,DRY,DAYLIGHT,LVMPD,NO
1236,INJURY CRASH,CLARK,1/15/16,LEWIS AVE,24,W,CLEAR,0,1,REAR-END,PICKUP,E,31,1,GOING STRAIGHT,APPARENTLY NORMAL,"SEDAN, 4 DOOR",E,31,1,STOPPED,APPARENTLY NORMAL,DRY,DAYLIGHT,LVMPD,NO
1449,INJURY CRASH,CLARK,1/15/16,SR612,32,S,CLEAR,0,1,REAR-END,"SEDAN, 4 DOOR",N,18,3,GOING STRAIGHT,APPARENTLY NORMAL,"SEDAN, 4 DOOR",N,43,3,STOPPED,APPARENTLY NORMAL,DRY,DAYLIGHT,LVMPD,NO
1463,INJURY CRASH,CLARK,1/15/16,STEWART AVE,43,W,CLEAR,0,2,ANGLE,VAN,W,28,1,NOT REPORTED,APPARENTLY NORMAL,"SEDAN, 4 DOOR",E,18,1,STOPPED,APPARENTLY NORMAL,DRY,DARK - CONTINUOUS LIGHTING,LVMPD,NO
1480,PROPERTY DAMAGE ONLY,CLARK,1/15/16,IR15N,1500,S,CLEAR,0,0,REAR-END,"SEDAN, 4 DOOR",N,58,4,GOING STRAIGHT,APPARENTLY NORMAL,"SEDAN, 4 DOOR",N,20,4,GOING STRAIGHT,APPARENTLY NORMAL,DRY,DARK - SPOT LIGHTING,NHP,NO
1490,PROPERTY DAMAGE ONLY,CLARK,1/15/16,US95N,800,E,CLEAR,0,0,REAR-END,"SEDAN, 4 DOOR",N,34,1,GOING STRAIGHT,APPARENTLY NORMAL,UTILITY,N,Unspecified,1,STOPPED,APPARENTLY NORMAL,DRY,DARK - SPOT LIGHTING,NHP,NO
1491,PROPERTY DAMAGE ONLY,CLARK,1/15/16,EASTERN AVE,100,S,CLEAR,0,0,ANGLE,UTILITY,N,64,1,CHANGING LANES,APPARENTLY NORMAL,"SEDAN, 4 DOOR",N,35,1,GOING STRAIGHT,APPARENTLY NORMAL,DRY,DARK - SPOT LIGHTING,NHP,NO
1215,PROPERTY DAMAGE ONLY,CLARK,1/15/16,FACTOR AVE,155,W,CLEAR,0,0,NON-COLLISION,"SEDAN, 4 DOOR",E,Unspecified,0,TURNING RIGHT,OTHER IMPROPER DRIVING,CARRY-ALL,Unspecified,Unspecified,0,PARKED,Unspecified,Unspecified,DARK - CONTINUOUS LIGHTING,LVMPD,NO
1218,PROPERTY DAMAGE ONLY,CLARK,1/15/16,N TORREY PINES DR,15,N,CLOUDY,0,0,REAR-END,PICKUP,S,28,0,CHANGING LANES,APPARENTLY NORMAL,PICKUP,S,46,0,STOPPED,APPARENTLY NORMAL,DRY,DAYLIGHT,LVMPD,NO
1219,INJURY CRASH,CLARK,1/15/16,CHEYENNE AVE,15,E,CLEAR,0,1,REAR-END,PICKUP,W,36,1,GOING STRAIGHT,APPARENTLY NORMAL,"SEDAN, 4 DOOR",W,63,1,STOPPED,APPARENTLY NORMAL,DRY,DAYLIGHT,LVMPD,NO
1226,PROPERTY DAMAGE ONLY,CLARK,1/15/16,SIRIUS AVE,350,W,CLEAR,0,0,ANGLE,"SEDAN, 4 DOOR",W,29,1,PASSING OTHER VEHICLE,Unspecified,PICKUP,W,54,1,TURNING LEFT,APPARENTLY NORMAL,DRY,DAYLIGHT,LVMPD,NO
1232,INJURY CRASH,CLARK,1/15/16,SMOKE RANCH RD,0,AT INT,CLEAR,0,1,ANGLE,"SEDAN, 4 DOOR",W,61,0,GOING STRAIGHT,APPARENTLY NORMAL,PICKUP,S,61,0,GOING STRAIGHT,APPARENTLY NORMAL,DRY,DAYLIGHT,LVMPD,NO
1469,INJURY CRASH,CLARK,1/15/16,US95S TO ROCK SPRINGS INT82,200,E,CLEAR,0,1,NON-COLLISION,CARRY-ALL,S,52,0,GOING STRAIGHT,HAD BEEN DRINKING,Unspecified,Unspecified,Unspecified,0,Unspecified,Unspecified,DRY,DARK - SPOT LIGHTING,NHP,NO
1470,INJURY CRASH,CLARK,1/15/16,US95N TO SUMMERLIN PKWY W INT81,1000,E,CLOUDY,0,2,ANGLE,PICKUP,W,21,1,PASSING OTHER VEHICLE,APPARENTLY NORMAL,"SEDAN, 4 DOOR",W,55,1,GOING STRAIGHT,APPARENTLY NORMAL,DRY,DAYLIGHT,NHP,NO
1471,PROPERTY DAMAGE ONLY,CLARK,1/15/16,US95S,30,N,CLEAR,0,0,REAR-END,"SEDAN, 2 DOOR",S,27,4,GOING STRAIGHT,APPARENTLY NORMAL,CARRY-ALL,S,54,4,STOPPED,APPARENTLY NORMAL,DRY,DAYLIGHT,NHP,NO
1476,PROPERTY DAMAGE ONLY,CLARK,1/15/16,IR15S,50,N,CLEAR,0,0,REAR-END,CARRY-ALL,S,47,1,GOING STRAIGHT,APPARENTLY NORMAL,"SEDAN, 4 DOOR",S,54,1,STOPPED,APPARENTLY NORMAL,DRY,DAYLIGHT,NHP,NO
1482,PROPERTY DAMAGE ONLY,CLARK,1/15/16,IR15S,500,N,UNKNOWN,0,0,REAR-END,"SEDAN, 4 DOOR",S,37,0,GOING STRAIGHT,APPARENTLY NORMAL,VAN,S,38,5,STOPPED,APPARENTLY NORMAL,DRY,DAYLIGHT,NHP,NO
1499,PROPERTY DAMAGE ONLY,CLARK,1/15/16,US95N TO SR596 INT80,0,AT INT,CLEAR,0,0,REAR-END,"SEDAN, 4 DOOR",N,29,0,GOING STRAIGHT,APPARENTLY NORMAL,PICKUP,N,40,0,STOPPED,APPARENTLY NORMAL,DRY,DARK - SPOT LIGHTING,NHP,NO