FileID,CrashSeverity,County,CrashDate,PrimaryStreet,Distance,Direction,Weather,NumberOfFatalities,NumberOfInjured,CrashType,FirstVehicleType,FirstVehicleDirection,FirstDriverAge,FirstVehicleLane,FirstVehicleAction,FirstDriverCondition,SecondVehicleType,SecondVehicleDirection,SecondDriverAge,SecondVehicleLane,SecondVehicleAction,SecondDriverCondition,RoadCondition,Lighting,AgencyName,PedestrianInvolved
1769,PROPERTY DAMAGE ONLY,CLARK,1/19/16,EASTERN AVE,135,S,RAIN,0,0,NON-COLLISION,CARRY-ALL,S,Unspecified,0,NOT REPORTED,OTHER IMPROPER DRIVING,Unspecified,Unspecified,Unspecified,0,Unspecified,Unspecified,Unspecified,Unspecified,LVMPD,NO
1773,PROPERTY DAMAGE ONLY,CLARK,1/19/16,EASTERN AVE,401,S,RAIN,0,0,REAR-END,PICKUP,N,Unspecified,0,GOING STRAIGHT,APPARENTLY NORMAL,MOTORBIKE,N,Unspecified,0,STOPPED,APPARENTLY NORMAL,Unspecified,Unspecified,LVMPD,NO
1801,PROPERTY DAMAGE ONLY,CLARK,1/19/16,SR589W/E TO IR15N INT40,400,N,RAIN,0,0,REAR-END,"SEDAN, 4 DOOR",N,24,0,GOING STRAIGHT,APPARENTLY NORMAL,"SEDAN, 4 DOOR",N,57,0,STOPPED,APPARENTLY NORMAL,DRY,DAYLIGHT,NHP,NO
1870,PROPERTY DAMAGE ONLY,CLARK,1/19/16,US95N,50,W,CLOUDY,0,0,REAR-END,"HATCHBACK, 4 DOOR",N,24,1,GOING STRAIGHT,APPARENTLY NORMAL,"SEDAN, 4 DOOR",N,24,1,GOING STRAIGHT,APPARENTLY NORMAL,DRY,DAYLIGHT,NHP,NO
1874,PROPERTY DAMAGE ONLY,CLARK,1/19/16,US95N TO FRCL53 N/S INT73,125,E,CLOUDY,0,0,REAR-END,"SEDAN, 4 DOOR",N,27,0,GOING STRAIGHT,APPARENTLY NORMAL,"SEDAN, 4 DOOR",N,45,0,GOING STRAIGHT,APPARENTLY NORMAL,DRY,DAYLIGHT,NHP,NO
1718,PROPERTY DAMAGE ONLY,CLARK,1/19/16,W OAKEY BLVD,23,W,CLOUDY: RAIN,0,0,ANGLE,"SEDAN, 4 DOOR",E,Unspecified,0,GOING STRAIGHT,APPARENTLY NORMAL,VAN,E,Unspecified,0,STOPPED,APPARENTLY NORMAL,Unspecified,Unspecified,LVMPD,NO
1734,PROPERTY DAMAGE ONLY,CLARK,1/19/16,US95S,2000,N,CLOUDY,0,0,"SIDESWIPE, MEETING",PICKUP,S,Unspecified,0,CHANGING LANES,HAD BEEN DRINKING,CARRY-ALL,S,Unspecified,0,GOING STRAIGHT,APPARENTLY NORMAL,UNKNOWN,Unspecified,HEPD,NO
1739,INJURY CRASH,CLARK,1/19/16,S VALLEY VIEW BLVD,0,AT INT,CLEAR,0,1,ANGLE,"SEDAN, 4 DOOR",W,Unspecified,0,GOING STRAIGHT,Unspecified,"SEDAN, 4 DOOR",S,64,0,GOING STRAIGHT,APPARENTLY NORMAL,DRY,DARK - CONTINUOUS LIGHTING,LVMPD,NO
1757,PROPERTY DAMAGE ONLY,CLARK,1/19/16,SR159,200,W,CLOUDY,0,0,ANGLE,"HARDTOP, 4 DOOR",W,50,0,TURNING LEFT,APPARENTLY NORMAL,"HATCHBACK, 4 DOOR",E,31,0,GOING STRAIGHT,APPARENTLY NORMAL,DRY,DAYLIGHT,LVMPD,NO
1770,INJURY CRASH,CLARK,1/19/16,SR159,0,AT INT,CLOUDY,0,2,ANGLE,"SEDAN, 4 DOOR",N,84,0,TURNING LEFT,APPARENTLY NORMAL,"SEDAN, 4 DOOR",E,Unspecified,0,GOING STRAIGHT,APPARENTLY NORMAL,DRY,DAYLIGHT,LVMPD,NO
1774,PROPERTY DAMAGE ONLY,CLARK,1/19/16,S VALLEY VIEW BLVD,45,N,CLOUDY,0,0,REAR-END,VAN,S,Unspecified,0,GOING STRAIGHT,DRUG INVOLVEMENT,"SEDAN, 4 DOOR",S,Unspecified,0,STOPPED,APPARENTLY NORMAL,Unspecified,Unspecified,LVMPD,NO
1803,PROPERTY DAMAGE ONLY,CLARK,1/19/16,SR589 TO IR15S INT40,60,N,RAIN,0,0,REAR-END,"SEDAN, 4 DOOR",S,23,2,GOING STRAIGHT,APPARENTLY NORMAL,CONVERTIBLE,S,28,2,STOPPED,APPARENTLY NORMAL,DRY,DAYLIGHT,NHP,NO
1807,PROPERTY DAMAGE ONLY,CLARK,1/19/16,US95N,5,N,RAIN,0,0,REAR-END,"SEDAN, 2 DOOR",N,38,0,GOING STRAIGHT,APPARENTLY NORMAL,CARRY-ALL,N,34,0,STOPPED,APPARENTLY NORMAL,DRY,DAYLIGHT,NHP,NO
1859,PROPERTY DAMAGE ONLY,CLARK,1/19/16,US95S TO ROCK SPRINGS INT82,450,E,CLOUDY,0,0,NON-COLLISION,"SEDAN, 4 DOOR",S,74,0,GOING STRAIGHT,APPARENTLY NORMAL,Unspecified,Unspecified,Unspecified,0,Unspecified,Unspecified,WET,DARK - SPOT LIGHTING,NHP,NO
1860,PROPERTY DAMAGE ONLY,CLARK,1/19/16,IR15S TO MLK/SR159 INT41,0,AT INT,CLEAR,0,0,ANGLE,"SEDAN, 2 DOOR",S,25,0,GOING STRAIGHT,APPARENTLY NORMAL,"SEDAN, 4 DOOR",N,56,0,GOING STRAIGHT,APPARENTLY NORMAL,DRY,DARK - SPOT LIGHTING,NHP,NO
1873,INJURY CRASH,CLARK,1/19/16,DECATUR BLVD,0,AT INT,RAIN,0,4,ANGLE,UTILITY,S,28,3,TURNING RIGHT,OTHER IMPROPER DRIVING,UTILITY,S,27,3,GOING STRAIGHT,APPARENTLY NORMAL,DRY,DAYLIGHT,NHP,NO
1881,INJURY CRASH,CLARK,1/19/16,US95N TO SR595N INT81B,10,E,CLEAR,0,1,NON-COLLISION,UTILITY,N,22,0,GOING STRAIGHT,HAD BEEN DRINKING,Unspecified,Unspecified,Unspecified,0,Unspecified,Unspecified,DRY,DARK - SPOT LIGHTING,NHP,NO
1904,INJURY CRASH,CLARK,1/19/16,LAKE MEAD BLVD W TO US95S INT82,50,N,RAIN,0,1,NON-COLLISION,"SEDAN, 4 DOOR",S,18,0,TURNING RIGHT,APPARENTLY NORMAL,Unspecified,Unspecified,Unspecified,0,Unspecified,Unspecified,DRY,DAYLIGHT,NHP,NO
1772,INJURY CRASH,CLARK,1/19/16,N TORREY PINES DR,25,S,RAIN,0,1,REAR-END,PICKUP,N,39,1,GOING STRAIGHT,APPARENTLY NORMAL,PICKUP,N,56,1,STOPPED,APPARENTLY NORMAL,WET,DAYLIGHT,LVMPD,NO
1775,INJURY CRASH,CLARK,1/19/16,W WASHINGTON AVE,50,E,CLOUDY,0,1,ANGLE,SEDAN,W,21,0,GOING STRAIGHT,APPARENTLY NORMAL,"SEDAN, 2 DOOR",W,28,0,STOPPED,APPARENTLY NORMAL,DRY,DARK - SPOT LIGHTING,LVMPD,NO
1784,INJURY CRASH,CLARK,1/19/16,SR599,50,S,CLOUDY,0,4,ANGLE,CARRY-ALL,S,29,1,GOING STRAIGHT,APPARENTLY NORMAL,"SEDAN, 4 DOOR",S,74,1,GOING STRAIGHT,APPARENTLY NORMAL,DRY,DARK - SPOT LIGHTING,LVMPD,NO
1797,PROPERTY DAMAGE ONLY,CLARK,1/19/16,SR574,0,AT INT,CLOUDY,0,0,ANGLE,CARRY-ALL,W,61,0,GOING STRAIGHT,APPARENTLY NORMAL,"HATCHBACK, 2 DOOR",N,46,0,TURNING LEFT,APPARENTLY NORMAL,WET,DARK - SPOT LIGHTING,NHP,NO
1804,PROPERTY DAMAGE ONLY,CLARK,1/19/16,US95N TO SR574W/E INT82,60,S,RAIN,0,0,REAR-END,"HARDTOP, 4 DOOR",N,18,0,GOING STRAIGHT,Unspecified,"HARDTOP, 4 DOOR",N,58,0,STOPPED,APPARENTLY NORMAL,DRY,DAYLIGHT,NHP,NO
1882,PROPERTY DAMAGE ONLY,CLARK,1/19/16,IR15S,100,S,CLOUDY,0,0,NON-COLLISION,"SEDAN, 4 DOOR",S,59,0,GOING STRAIGHT,APPARENTLY NORMAL,Unspecified,Unspecified,Unspecified,0,Unspecified,Unspecified,WET,DAYLIGHT,NHP,NO
8601,INJURY CRASH,CLARK,3/24/16,US95S TO IR15N INT42,318,S,CLEAR,0,1,NON-COLLISION,"HATCHBACK, 4 DOOR",S,53,0,GOING STRAIGHT,APPARENTLY NORMAL,Unspecified,Unspecified,Unspecified,0,Unspecified,Unspecified,WET,DAYLIGHT,NHP,NO
1742,INJURY CRASH,CLARK,1/19/16,LONE MOUNTAIN RD,114,E,CLEAR,0,2,"SIDESWIPE, OVERTAKING",SEDAN,E,22,1,PASSING OTHER VEHICLE,HAD BEEN DRINKING,"HATCHBACK, 2 DOOR",E,39,1,GOING STRAIGHT,APPARENTLY NORMAL,DRY,DAWN,LVMPD,NO
1790,INJURY CRASH,CLARK,1/19/16,CAMINO DEL ORO,175,S,CLOUDY,0,2,"SIDESWIPE, OVERTAKING","SEDAN, 4 DOOR",N,20,1,GOING STRAIGHT,Unspecified,"SEDAN, 2 DOOR",N,59,1,GOING STRAIGHT,APPARENTLY NORMAL,DRY,DARK - SPOT LIGHTING,LVMPD,NO
1872,INJURY CRASH,CLARK,1/19/16,SR599N TO ANN RD INT90B,30,S,RAIN,0,1,NON-COLLISION,"SEDAN, 4 DOOR",N,65,0,GOING STRAIGHT,APPARENTLY NORMAL,Unspecified,Unspecified,Unspecified,0,Unspecified,Unspecified,DRY,DAYLIGHT,NHP,NO
1915,PROPERTY DAMAGE ONLY,CLARK,1/19/16,US95S,100,S,CLEAR,0,0,NON-COLLISION,"SEDAN, 4 DOOR",S,29,0,GOING STRAIGHT,APPARENTLY NORMAL,Unspecified,Unspecified,Unspecified,0,Unspecified,Unspecified,DRY,DAYLIGHT,NHP,NO
1930,PROPERTY DAMAGE ONLY,CLARK,1/20/16,N DECATUR BLVD,5330,N,CLOUDY,0,0,NON-COLLISION,"SEDAN, 4 DOOR",N,23,0,NOT REPORTED,Unspecified,Unspecified,Unspecified,Unspecified,0,Unspecified,Unspecified,DRY,DARK - NO LIGHTING,LVMPD,NO
1973,PROPERTY DAMAGE ONLY,CLARK,1/20/16,FARM RD,160,W,CLEAR,0,0,NON-COLLISION,CARRY-ALL,W,Unspecified,0,TURNING LEFT,Unspecified,Unspecified,Unspecified,Unspecified,0,Unspecified,Unspecified,Unspecified,Unspecified,LVMPD,NO
2006,INJURY CRASH,CLARK,1/20/16,CENTENNIAL CENTER BLVD,100,N,CLEAR,0,1,ANGLE,"HATCHBACK, 2 DOOR",S,31,1,TURNING LEFT,OTHER IMPROPER DRIVING,MOTORCYCLE,N,35,1,GOING STRAIGHT,APPARENTLY NORMAL,DRY,DARK - SPOT LIGHTING,NHP,NO
2017,INJURY CRASH,CLARK,1/20/16,US95N,650,S,CLEAR,0,3,REAR-END,CARRY-ALL,N,56,3,GOING STRAIGHT,APPARENTLY NORMAL,"SEDAN, 2 DOOR",N,42,3,STOPPED,APPARENTLY NORMAL,DRY,DARK - CONTINUOUS LIGHTING,NHP,NO
1950,INJURY CRASH,CLARK,1/20/16,S DURANGO DR,107,N,CLEAR,0,2,ANGLE,CONVERTIBLE,W,17,1,NOT REPORTED,APPARENTLY NORMAL,UTILITY,N,70,1,GOING STRAIGHT,APPARENTLY NORMAL,DRY,DAYLIGHT,LVMPD,NO
1957,INJURY CRASH,CLARK,1/20/16,SAHARA AVE,0,AT INT,CLEAR,0,1,REAR-END,"SEDAN, 4 DOOR",W,26,0,GOING STRAIGHT,APPARENTLY NORMAL,"SEDAN, 4 DOOR",W,73,0,STOPPED,APPARENTLY NORMAL,DRY,DAYLIGHT,LVMPD,NO
1961,INJURY CRASH,CLARK,1/20/16,LAKE MEAD BLVD,0,AT INT,CLEAR,0,1,ANGLE,MOPED,S,29,0,TURNING LEFT,HAD BEEN DRINKING,PICKUP,E,25,0,GOING STRAIGHT,APPARENTLY NORMAL,DRY,DAYLIGHT,LVMPD,NO
1975,PROPERTY DAMAGE ONLY,CLARK,1/20/16,LAKE SOUTH DR,0,AT INT,CLEAR,0,0,ANGLE,"SEDAN, 4 DOOR",S,Unspecified,0,GOING STRAIGHT,APPARENTLY NORMAL,"SEDAN, 4 DOOR",W,Unspecified,0,GOING STRAIGHT,APPARENTLY NORMAL,Unspecified,Unspecified,LVMPD,NO
1918,INJURY CRASH,CLARK,1/20/16,SR612,300,N,CLEAR,0,1,NON-COLLISION,"SEDAN, 4 DOOR",S,21,0,NOT REPORTED,APPARENTLY NORMAL,Unspecified,Unspecified,Unspecified,0,Unspecified,Unspecified,DRY,DAYLIGHT,LVMPD,NO
1936,PROPERTY DAMAGE ONLY,CLARK,1/20/16,N BRUCE ST,345,N,CLOUDY,0,0,ANGLE,"HATCHBACK, 2 DOOR",N,54,0,GOING STRAIGHT,APPARENTLY NORMAL,PICKUP,Unspecified,Unspecified,0,PARKED,Unspecified,DRY,DAYLIGHT,LVMPD,NO
1948,INJURY CRASH,CLARK,1/20/16,S 7TH ST,250,N,CLOUDY,0,2,ANGLE,"SEDAN, 4 DOOR",E,34,1,TURNING LEFT,APPARENTLY NORMAL,"SEDAN, 4 DOOR",S,39,1,GOING STRAIGHT,APPARENTLY NORMAL,DRY,DAYLIGHT,LVMPD,NO
1955,INJURY CRASH,CLARK,1/20/16,STEWART AVE,41,E,CLEAR,0,1,ANGLE,UTILITY,E,43,0,CHANGING LANES,APPARENTLY NORMAL,MOTORCYCLE,E,22,0,GOING STRAIGHT,APPARENTLY NORMAL,DRY,DAYLIGHT,LVMPD,NO
1958,PROPERTY DAMAGE ONLY,CLARK,1/20/16,SR582,0,AT INT,CLEAR,0,0,ANGLE,"HATCHBACK, 4 DOOR",N,73,0,GOING STRAIGHT,APPARENTLY NORMAL,"HARDTOP, 2 DOOR",E,51,0,GOING STRAIGHT,APPARENTLY NORMAL,DRY,DAYLIGHT,LVMPD,NO
1959,INJURY CRASH,CLARK,1/20/16,SR159,70,W,CLEAR,0,1,ANGLE,PICKUP,E,51,2,GOING STRAIGHT,APPARENTLY NORMAL,COUPE,E,34,2,STOPPED,APPARENTLY NORMAL,DRY,DAYLIGHT,LVMPD,NO
1979,INJURY CRASH,CLARK,1/20/16,E OGDEN AVE,0,AT INT,CLEAR,0,1,NON-COLLISION,"SEDAN, 4 DOOR",W,78,0,GOING STRAIGHT,APPARENTLY NORMAL,Unspecified,Unspecified,Unspecified,0,Unspecified,Unspecified,DRY,DARK - CONTINUOUS LIGHTING,LVMPD,YES
1995,PROPERTY DAMAGE ONLY,CLARK,1/20/16,US95S,900,S,CLEAR,0,0,NON-COLLISION,PICKUP,S,41,3,GOING STRAIGHT,OTHER IMPROPER DRIVING,"HATCHBACK, 4 DOOR",S,46,3,GOING STRAIGHT,APPARENTLY NORMAL,DRY,DARK - SPOT LIGHTING,NHP,NO
1941,INJURY CRASH,CLARK,1/20/16,VEGAS DR,0,AT INT,CLEAR,0,2,ANGLE,UTILITY,E,69,0,GOING STRAIGHT,APPARENTLY NORMAL,"SEDAN, 4 DOOR",S,77,0,GOING STRAIGHT,APPARENTLY NORMAL,DRY,DAYLIGHT,LVMPD,NO
1942,INJURY CRASH,CLARK,1/20/16,S TORREY PINES DR,51,N,CLEAR,0,3,REAR-END,SEDAN,S,21,1,GOING STRAIGHT,APPARENTLY NORMAL,CARRY-ALL,S,44,1,GOING STRAIGHT,APPARENTLY NORMAL,DRY,DUSK,LVMPD,NO
1945,PROPERTY DAMAGE ONLY,CLARK,1/20/16,S TORREY PINES DR,6,N,CLEAR,0,0,NON-COLLISION,"HATCHBACK, 4 DOOR",N,23,2,GOING STRAIGHT,DRUG INVOLVEMENT,Unspecified,Unspecified,Unspecified,0,Unspecified,Unspecified,DRY,DAYLIGHT,LVMPD,NO
1966,PROPERTY DAMAGE ONLY,CLARK,1/20/16,NEWCOMER ST,50,N,CLEAR,0,0,ANGLE,Unspecified,N,Unspecified,1,MAKING U-TURN,Unspecified,CARRY-ALL,S,57,1,PARKED,APPARENTLY NORMAL,DRY,DARK - CONTINUOUS LIGHTING,LVMPD,NO
1971,INJURY CRASH,CLARK,1/20/16,LAKE MEAD BLVD,500,W,CLEAR,0,2,ANGLE,VAN,E,25,3,GOING STRAIGHT,APPARENTLY NORMAL,"SEDAN, 4 DOOR",E,26,3,STOPPED,APPARENTLY NORMAL,DRY,DARK - SPOT LIGHTING,LVMPD,NO
1972,PROPERTY DAMAGE ONLY,CLARK,1/20/16,SR595,360,N,CLEAR,0,0,"SIDESWIPE, OVERTAKING",UTILITY,S,49,2,PASSING OTHER VEHICLE,APPARENTLY NORMAL,"SEDAN, 4 DOOR",S,20,2,GOING STRAIGHT,APPARENTLY NORMAL,DRY,DARK - CONTINUOUS LIGHTING,LVMPD,NO
1956,INJURY CRASH,CLARK,1/20/16,LAKE MEAD BLVD,0,AT INT,CLEAR,0,2,ANGLE,"HATCHBACK, 2 DOOR",E,21,0,TURNING LEFT,APPARENTLY NORMAL,"SEDAN, 4 DOOR",W,85,0,GOING STRAIGHT,APPARENTLY NORMAL,DRY,DAYLIGHT,LVMPD,NO
1987,PROPERTY DAMAGE ONLY,CLARK,1/20/16,IR15S,1270,S,CLOUDY,0,0,REAR-END,"SEDAN, 4 DOOR",S,21,1,GOING STRAIGHT,APPARENTLY NORMAL,"SEDAN, 4 DOOR",S,25,1,GOING STRAIGHT,APPARENTLY NORMAL,WET,DAYLIGHT,NHP,NO
1990,INJURY CRASH,CLARK,1/20/16,E SUMMERLIN PKWY,1000,W,CLEAR,0,1,REAR-END,"SEDAN, 4 DOOR",E,69,3,GOING STRAIGHT,APPARENTLY NORMAL,"SEDAN, 4 DOOR",E,22,3,STOPPED,APPARENTLY NORMAL,DRY,DARK - SPOT LIGHTING,NHP,NO
1999,PROPERTY DAMAGE ONLY,CLARK,1/20/16,US95S TO VALLEY VIEW BLVD S INT78,10,N,CLEAR,0,0,REAR-END,CARRY-ALL,S,52,0,GOING STRAIGHT,APPARENTLY NORMAL,"SEDAN, 4 DOOR",S,34,0,STOPPED,APPARENTLY NORMAL,DRY,DAYLIGHT,NHP,NO
2001,INJURY CRASH,CLARK,1/20/16,US95S TO SR595N INT81,15,W,CLEAR,0,1,REAR-END,CARRY-ALL,S,31,0,GOING STRAIGHT,APPARENTLY NORMAL,"SEDAN, 4 DOOR",S,46,0,STOPPED,APPARENTLY NORMAL,DRY,DAYLIGHT,NHP,NO
1932,INJURY CRASH,CLARK,1/20/16,SR599,67,N,CLOUDY,0,2,HEAD-ON,"SEDAN, 4 DOOR",N,Unspecified,0,GOING STRAIGHT,Unspecified,"HARDTOP, 4 DOOR",S,36,0,STOPPED,APPARENTLY NORMAL,DRY,DAYLIGHT,LVMPD,NO
1935,PROPERTY DAMAGE ONLY,CLARK,1/20/16,SR599,27,S,CLOUDY,0,0,ANGLE,VAN,S,62,3,MAKING U-TURN,APPARENTLY NORMAL,"SEDAN, 4 DOOR",S,53,3,GOING STRAIGHT,APPARENTLY NORMAL,DRY,DAYLIGHT,LVMPD,NO
1937,INJURY CRASH,CLARK,1/20/16,SR599,540,S,CLOUDY,0,1,ANGLE,CARRY-ALL,N,25,1,TURNING LEFT,APPARENTLY NORMAL,PICKUP,S,40,1,GOING STRAIGHT,APPARENTLY NORMAL,DRY,DAYLIGHT,LVMPD,NO
1951,PROPERTY DAMAGE ONLY,CLARK,1/20/16,SR574,20,E,CLEAR,0,0,ANGLE,CARRY-ALL,E,70,0,GOING STRAIGHT,APPARENTLY NORMAL,GARBAGE OR REFUSE,E,46,0,GOING STRAIGHT,APPARENTLY NORMAL,DRY,DAYLIGHT,LVMPD,NO
1952,PROPERTY DAMAGE ONLY,CLARK,1/20/16,MARTIN L KING BLVD,0,AT INT,CLEAR,0,0,ANGLE,CARRY-ALL,N,Unspecified,0,CHANGING LANES,APPARENTLY NORMAL,BUS,N,Unspecified,0,GOING STRAIGHT,APPARENTLY NORMAL,Unspecified,Unspecified,LVMPD,NO
1953,PROPERTY DAMAGE ONLY,CLARK,1/20/16,LAKE MEAD BLVD,580,E,CLEAR,0,0,ANGLE,"SEDAN, 4 DOOR",E,Unspecified,0,GOING STRAIGHT,APPARENTLY NORMAL,"SEDAN, 4 DOOR",S,Unspecified,0,TURNING LEFT,APPARENTLY NORMAL,Unspecified,Unspecified,LVMPD,NO
1978,PROPERTY DAMAGE ONLY,CLARK,1/20/16,VEGAS DR,25,W,CLEAR,0,0,REAR-END,CARRY-ALL,E,Unspecified,0,GOING STRAIGHT,Unspecified,"SEDAN, 4 DOOR",E,19,0,STOPPED,APPARENTLY NORMAL,DRY,DARK - SPOT LIGHTING,LVMPD,NO
2013,PROPERTY DAMAGE ONLY,CLARK,1/20/16,IR15S,1000,N,CLEAR,0,0,"SIDESWIPE, OVERTAKING","HATCHBACK, 4 DOOR",S,27,2,NOT REPORTED,APPARENTLY NORMAL,"SEDAN, 4 DOOR",N,45,2,GOING STRAIGHT,APPARENTLY NORMAL,DRY,DARK - SPOT LIGHTING,NHP,NO
2022,PROPERTY DAMAGE ONLY,CLARK,1/20/16,N VALLEY VIEW BLVD,0,AT INT,CLEAR,0,0,NON-COLLISION,"SEDAN, 4 DOOR",W,26,0,GOING STRAIGHT,ILLNESS,Unspecified,Unspecified,Unspecified,0,Unspecified,Unspecified,DRY,DARK - SPOT LIGHTING,LVMPD,NO
1988,INJURY CRASH,CLARK,1/20/16,CC215S,600,S,CLEAR,0,1,REAR-END,PICKUP,S,36,3,GOING STRAIGHT,DRUG INVOLVEMENT,"TRACTOR TRUCK, DIESEL",S,49,3,GOING STRAIGHT,APPARENTLY NORMAL,WET,DAYLIGHT,NHP,NO
1991,PROPERTY DAMAGE ONLY,CLARK,1/20/16,CC215N,800,N,CLEAR,0,0,ANGLE,"SEDAN, 4 DOOR",N,22,2,NOT REPORTED,APPARENTLY NORMAL,"SEDAN, 4 DOOR",N,68,2,GOING STRAIGHT,APPARENTLY NORMAL,DRY,DARK - NO LIGHTING,NHP,NO
2085,PROPERTY DAMAGE ONLY,CLARK,1/21/16,CC215N,1500,E,CLOUDY,0,0,REAR-END,"SEDAN, 4 DOOR",W,48,1,GOING STRAIGHT,APPARENTLY NORMAL,PICKUP,W,75,1,STOPPED,APPARENTLY NORMAL,WET,DAYLIGHT,NHP,NO
2086,INJURY CRASH,CLARK,1/21/16,CC215N,1450,E,CLOUDY,0,6,REAR-END,"HATCHBACK, 2 DOOR",W,44,2,GOING STRAIGHT,APPARENTLY NORMAL,VAN,W,44,2,STOPPED,APPARENTLY NORMAL,WET,DAYLIGHT,NHP,NO
1823,PROPERTY DAMAGE ONLY,CLARK,1/21/16,RAMPART BLVD,300,S,CLEAR,0,0,"SIDESWIPE, OVERTAKING","SEDAN, 4 DOOR",S,Unspecified,0,CHANGING LANES,APPARENTLY NORMAL,"HATCHBACK, 4 DOOR",S,Unspecified,0,GOING STRAIGHT,APPARENTLY NORMAL,Unspecified,Unspecified,LVMPD,NO
1831,PROPERTY DAMAGE ONLY,CLARK,1/21/16,COVINGTON CROSS DR,27,E,CLEAR,0,0,NON-COLLISION,"SEDAN, 4 DOOR",E,Unspecified,0,TURNING LEFT,APPARENTLY NORMAL,Unspecified,Unspecified,Unspecified,0,Unspecified,Unspecified,Unspecified,Unspecified,LVMPD,NO
1839,PROPERTY DAMAGE ONLY,CLARK,1/21/16,CC215S,2000,S,CLEAR,0,0,NON-COLLISION,SEDAN,S,22,1,GOING STRAIGHT,APPARENTLY NORMAL,PICKUP,N,38,1,GOING STRAIGHT,APPARENTLY NORMAL,DRY,DAYLIGHT,NHP,NO
2042,PROPERTY DAMAGE ONLY,CLARK,1/21/16,RAMPART BLVD,750,S,CLEAR,0,0,ANGLE,OTHER,N,25,3,CHANGING LANES,APPARENTLY NORMAL,"SEDAN, 4 DOOR",N,33,3,GOING STRAIGHT,APPARENTLY NORMAL,DRY,DAYLIGHT,LVMPD,NO
1808,PROPERTY DAMAGE ONLY,CLARK,1/21/16,STEWART AVE,0,AT INT,CLEAR,0,0,"SIDESWIPE, OVERTAKING","SEDAN, 4 DOOR",W,33,0,PASSING OTHER VEHICLE,APPARENTLY NORMAL,"SEDAN, 4 DOOR",W,48,0,TURNING RIGHT,APPARENTLY NORMAL,DRY,DAYLIGHT,LVMPD,NO
1827,PROPERTY DAMAGE ONLY,CLARK,1/21/16,DURHAM AVE,0,AT INT,CLEAR,0,0,REAR-END,"SEDAN, 4 DOOR",E,Unspecified,0,GOING STRAIGHT,Unspecified,CONVERTIBLE,Unspecified,Unspecified,0,PARKED,Unspecified,Unspecified,Unspecified,LVMPD,NO
1843,INJURY CRASH,CLARK,1/21/16,IR15N,400,S,CLEAR,0,3,REAR-END,"SEDAN, 4 DOOR",N,38,3,GOING STRAIGHT,APPARENTLY NORMAL,"SEDAN, 4 DOOR",N,70,3,GOING STRAIGHT,APPARENTLY NORMAL,WET,DAYLIGHT,NHP,NO
1844,PROPERTY DAMAGE ONLY,CLARK,1/21/16,IR15N,400,N,CLEAR,0,0,REAR-END,CARRY-ALL,N,22,3,GOING STRAIGHT,APPARENTLY NORMAL,CARRY-ALL,N,17,3,STOPPED,APPARENTLY NORMAL,DRY,DAYLIGHT,NHP,NO
2031,PROPERTY DAMAGE ONLY,CLARK,1/21/16,LAS VEGAS BLVD,75,N,CLEAR,0,0,NON-COLLISION,CONVERTIBLE,Unspecified,Unspecified,1,TURNING RIGHT,Unspecified,Unspecified,Unspecified,Unspecified,0,Unspecified,Unspecified,DRY,DARK - CONTINUOUS LIGHTING,LVMPD,NO
1815,INJURY CRASH,CLARK,1/21/16,S BUFFALO DR,395,S,CLEAR,0,1,NON-COLLISION,"SEDAN, 4 DOOR",S,40,1,TURNING LEFT,APPARENTLY NORMAL,Unspecified,Unspecified,Unspecified,0,Unspecified,Unspecified,DRY,DAYLIGHT,LVMPD,YES
1829,INJURY CRASH,CLARK,1/21/16,LAKE MEAD BLVD,949,E,CLEAR,0,1,NON-COLLISION,PICKUP,W,38,0,TURNING LEFT,APPARENTLY NORMAL,"SEDAN, 2 DOOR",E,19,0,GOING STRAIGHT,APPARENTLY NORMAL,DRY,DARK - CONTINUOUS LIGHTING,LVMPD,NO
1837,PROPERTY DAMAGE ONLY,CLARK,1/21/16,IR15S,239,N,CLOUDY,0,0,REAR-END,"SEDAN, 4 DOOR",S,67,0,GOING STRAIGHT,APPARENTLY NORMAL,CARRY-ALL,S,28,5,STOPPED,APPARENTLY NORMAL,Unspecified,DAYLIGHT,NHP,NO
1838,PROPERTY DAMAGE ONLY,CLARK,1/21/16,US95S,160,N,CLEAR,0,0,REAR-END,PICKUP,S,23,2,GOING STRAIGHT,APPARENTLY NORMAL,PICKUP,S,46,2,STOPPED,APPARENTLY NORMAL,DRY,DAYLIGHT,NHP,NO
1850,PROPERTY DAMAGE ONLY,CLARK,1/21/16,IR15N,600,S,CLEAR,0,0,REAR-END,"SEDAN, 4 DOOR",N,26,0,GOING STRAIGHT,APPARENTLY NORMAL,CARRY-ALL,N,37,5,GOING STRAIGHT,APPARENTLY NORMAL,WET,DARK - SPOT LIGHTING,NHP,NO