FileID,CrashSeverity,County,CrashDate,PrimaryStreet,Distance,Direction,Weather,NumberOfFatalities,NumberOfInjured,CrashType,FirstVehicleType,FirstVehicleDirection,FirstDriverAge,FirstVehicleLane,FirstVehicleAction,FirstDriverCondition,SecondVehicleType,SecondVehicleDirection,SecondDriverAge,SecondVehicleLane,SecondVehicleAction,SecondDriverCondition,RoadCondition,Lighting,AgencyName,PedestrianInvolved
2052,PROPERTY DAMAGE ONLY,CLARK,1/21/16,S DECATUR BLVD,15,N,CLEAR,0,0,ANGLE,"SEDAN, 4 DOOR",S,30,1,GOING STRAIGHT,APPARENTLY NORMAL,BUS,S,44,1,GOING STRAIGHT,APPARENTLY NORMAL,DRY,DAYLIGHT,LVMPD,NO
2070,INJURY CRASH,CLARK,1/21/16,US95S,1200,W,CLEAR,0,2,ANGLE,"HATCHBACK, 4 DOOR",S,16,2,NOT REPORTED,APPARENTLY NORMAL,PICKUP,S,36,2,GOING STRAIGHT,APPARENTLY NORMAL,DRY,DAYLIGHT,NHP,NO
2077,PROPERTY DAMAGE ONLY,CLARK,1/21/16,SR599,30,N,CLEAR,0,0,REAR-END,"SEDAN, 4 DOOR",S,41,0,GOING STRAIGHT,APPARENTLY NORMAL,"SEDAN, 4 DOOR",S,30,0,STOPPED,APPARENTLY NORMAL,DRY,DAYLIGHT,NHP,NO
2078,PROPERTY DAMAGE ONLY,CLARK,1/21/16,SR599,50,N,CLEAR,0,0,ANGLE,"SEDAN, 4 DOOR",S,25,1,NOT REPORTED,APPARENTLY NORMAL,PICKUP,S,51,1,GOING STRAIGHT,APPARENTLY NORMAL,DRY,DARK - SPOT LIGHTING,NHP,NO
2084,INJURY CRASH,CLARK,1/21/16,IR15S,800,N,CLEAR,0,1,NON-COLLISION,"HATCHBACK, 4 DOOR",S,20,0,GOING STRAIGHT,APPARENTLY NORMAL,Unspecified,Unspecified,Unspecified,0,Unspecified,Unspecified,DRY,DARK - SPOT LIGHTING,NHP,NO
1814,PROPERTY DAMAGE ONLY,CLARK,1/21/16,SR596,200,N,CLEAR,0,0,ANGLE,PICKUP,N,62,0,TURNING RIGHT,APPARENTLY NORMAL,"SEDAN, 4 DOOR",N,75,0,NOT REPORTED,APPARENTLY NORMAL,DRY,DAYLIGHT,LVMPD,NO
1845,PROPERTY DAMAGE ONLY,CLARK,1/21/16,SR574,62,W,CLOUDY,0,0,ANGLE,PICKUP,W,65,2,CHANGING LANES,APPARENTLY NORMAL,CARRY-ALL,W,39,2,GOING STRAIGHT,APPARENTLY NORMAL,DRY,DAYLIGHT,NHP,NO
2048,PROPERTY DAMAGE ONLY,CLARK,1/21/16,MARYLAND PKWY,0,AT INT,CLOUDY,0,0,ANGLE,"SEDAN, 4 DOOR",S,23,0,TURNING LEFT,APPARENTLY NORMAL,"SEDAN, 4 DOOR",S,57,0,GOING STRAIGHT,APPARENTLY NORMAL,DRY,DAYLIGHT,LVMPD,NO
2081,PROPERTY DAMAGE ONLY,CLARK,1/21/16,IR15S,150,N,CLEAR,0,0,REAR-END,"SEDAN, 4 DOOR",S,36,3,GOING STRAIGHT,APPARENTLY NORMAL,PICKUP,S,32,3,STOPPED,APPARENTLY NORMAL,DRY,DAYLIGHT,NHP,NO
2082,PROPERTY DAMAGE ONLY,CLARK,1/21/16,US95N TO IR15N INT42,300,W,CLEAR,0,0,NON-COLLISION,PICKUP WITH MOUNTED CAMPER,N,48,0,GOING STRAIGHT,APPARENTLY NORMAL,Unspecified,Unspecified,Unspecified,0,Unspecified,Unspecified,DRY,DARK - SPOT LIGHTING,NHP,NO
1821,PROPERTY DAMAGE ONLY,CLARK,1/21/16,SR599,31,N,CLEAR,0,0,REAR-END,Unspecified,Unspecified,Unspecified,0,GOING STRAIGHT,Unspecified,"SEDAN, 4 DOOR",S,44,0,STOPPED,APPARENTLY NORMAL,DRY,DARK - CONTINUOUS LIGHTING,LVMPD,NO
2036,INJURY CRASH,CLARK,1/21/16,RAINBOW BLVD,50,N,CLEAR,0,1,REAR-END,"SEDAN, 4 DOOR",N,28,2,GOING STRAIGHT,APPARENTLY NORMAL,PICKUP,N,28,2,STOPPED,APPARENTLY NORMAL,DRY,DAYLIGHT,LVMPD,NO
2041,PROPERTY DAMAGE ONLY,CLARK,1/21/16,N BUFFALO DR,19,N,CLEAR,0,0,REAR-END,CARRY-ALL,N,Unspecified,0,GOING STRAIGHT,APPARENTLY NORMAL,CARRY-ALL,N,Unspecified,0,STOPPED,APPARENTLY NORMAL,Unspecified,Unspecified,LVMPD,NO
2046,PROPERTY DAMAGE ONLY,CLARK,1/21/16,N BUFFALO DR,200,S,CLEAR,0,0,REAR-END,CONVERTIBLE,N,Unspecified,0,GOING STRAIGHT,APPARENTLY NORMAL,PICKUP,N,Unspecified,0,GOING STRAIGHT,APPARENTLY NORMAL,Unspecified,Unspecified,LVMPD,NO
2170,PROPERTY DAMAGE ONLY,CLARK,1/22/16,N DECATUR BLVD,0,AT INT,CLOUDY,0,0,ANGLE,CARRY-ALL,W,47,0,TURNING RIGHT,APPARENTLY NORMAL,STATION WAGON,N,38,0,GOING STRAIGHT,APPARENTLY NORMAL,DRY,DAYLIGHT,NLPD,NO
2198,PROPERTY DAMAGE ONLY,CLARK,1/22/16,CC215N,200,W,CLEAR,0,0,REAR-END,"SEDAN, 4 DOOR",E,37,2,GOING STRAIGHT,DRUG INVOLVEMENT,"SEDAN, 4 DOOR",E,52,2,STOPPED,APPARENTLY NORMAL,DRY,DAYLIGHT,NHP,NO
2087,INJURY CRASH,CLARK,1/22/16,N BUFFALO DR,4,S,CLOUDY,0,1,NON-COLLISION,CARRY-ALL,E,53,1,TURNING RIGHT,APPARENTLY NORMAL,Unspecified,Unspecified,Unspecified,0,Unspecified,Unspecified,DRY,DARK - NO LIGHTING,LVMPD,NO
2109,INJURY CRASH,CLARK,1/22/16,S HUALAPAI WAY,50,S,CLEAR,0,1,REAR-END,"SEDAN, 4 DOOR",N,53,3,GOING STRAIGHT,DRUG INVOLVEMENT,"SEDAN, 4 DOOR",N,60,3,STOPPED,APPARENTLY NORMAL,DRY,DAYLIGHT,LVMPD,NO
2128,PROPERTY DAMAGE ONLY,CLARK,1/22/16,FORT APACHE RD,300,S,CLEAR,0,0,ANGLE,SEDAN,W,57,2,GOING STRAIGHT,APPARENTLY NORMAL,SEMI,N,31,2,GOING STRAIGHT,APPARENTLY NORMAL,DRY,DARK - CONTINUOUS LIGHTING,LVMPD,NO
2097,PROPERTY DAMAGE ONLY,CLARK,1/22/16,SR589,27,W,CLEAR,0,0,REAR-END,"SEDAN, 4 DOOR",E,Unspecified,0,GOING STRAIGHT,APPARENTLY NORMAL,VAN,W,Unspecified,0,STOPPED,APPARENTLY NORMAL,Unspecified,Unspecified,LVMPD,NO
2105,PROPERTY DAMAGE ONLY,CLARK,1/22/16,CARSON AVE,50,E,CLEAR,0,0,NON-COLLISION,"SEDAN, 4 DOOR",E,20,1,GOING STRAIGHT,APPARENTLY NORMAL,Unspecified,Unspecified,Unspecified,0,Unspecified,Unspecified,DRY,DAYLIGHT,LVMPD,NO
2134,PROPERTY DAMAGE ONLY,CLARK,1/22/16,LAMB BLVD,140,N,CLEAR,0,0,REAR-END,"SEDAN, 4 DOOR",Unspecified,Unspecified,3,GOING STRAIGHT,Unspecified,"SEDAN, 4 DOOR",S,27,3,STOPPED,APPARENTLY NORMAL,DRY,DARK - CONTINUOUS LIGHTING,LVMPD,NO
2139,PROPERTY DAMAGE ONLY,CLARK,1/22/16,E WYOMING AVE,60,E,CLEAR,0,0,BACKING,"SEDAN, 4 DOOR",E,Unspecified,0,BACKING UP,Unspecified,"SEDAN, 4 DOOR",W,Unspecified,0,STOPPED,APPARENTLY NORMAL,Unspecified,Unspecified,LVMPD,NO
2143,PROPERTY DAMAGE ONLY,CLARK,1/22/16,CHANTILLY AVE,148,W,CLEAR,0,0,"SIDESWIPE, OVERTAKING",CARRY-ALL,W,36,1,NOT REPORTED,HAD BEEN DRINKING,OTHER,Unspecified,Unspecified,1,PARKED,Unspecified,DRY,DARK - CONTINUOUS LIGHTING,LVMPD,NO
2153,INJURY CRASH,CLARK,1/22/16,IR15N,200,S,CLEAR,0,1,"SIDESWIPE, OVERTAKING",STATION WAGON,N,16,4,CHANGING LANES,APPARENTLY NORMAL,"SEDAN, 4 DOOR",N,59,4,GOING STRAIGHT,APPARENTLY NORMAL,WET,DAYLIGHT,NHP,NO
2169,PROPERTY DAMAGE ONLY,CLARK,1/22/16,US95N,10,N,CLOUDY,0,0,REAR-END,"HATCHBACK, 2 DOOR",N,23,1,GOING STRAIGHT,APPARENTLY NORMAL,PICKUP,N,51,1,GOING STRAIGHT,APPARENTLY NORMAL,WET,DAYLIGHT,NHP,NO
2173,PROPERTY DAMAGE ONLY,CLARK,1/22/16,EASTERN AVE,0,AT INT,CLOUDY,0,0,ANGLE,"SEDAN, 4 DOOR",W,20,0,GOING STRAIGHT,APPARENTLY NORMAL,"SEDAN, 4 DOOR",S,30,0,TURNING LEFT,APPARENTLY NORMAL,DRY,DARK - SPOT LIGHTING,NHP,NO
2195,INJURY CRASH,CLARK,1/22/16,SR159,100,W,CLEAR,0,1,"SIDESWIPE, OVERTAKING","SEDAN, 4 DOOR",W,64,2,NOT REPORTED,APPARENTLY NORMAL,"SEDAN, 4 DOOR",W,35,2,GOING STRAIGHT,APPARENTLY NORMAL,DRY,DARK - CONTINUOUS LIGHTING,LVMPD,NO
2088,FATAL CRASH,CLARK,1/22/16,US95S TO SR596 INT80,14,W,CLOUDY,1,1,ANGLE,"SEDAN, 4 DOOR",E,51,0,GOING STRAIGHT,HAD BEEN DRINKING: DRUG INVOLVEMENT,"SEDAN, 4 DOOR",E,53,0,TURNING RIGHT,APPARENTLY NORMAL,DRY,DAYLIGHT,NHP,NO
2112,PROPERTY DAMAGE ONLY,CLARK,1/22/16,SR159,150,E,CLOUDY,0,0,NON-COLLISION,PICKUP,E,Unspecified,3,CHANGING LANES,Unspecified,CARRY-ALL,E,37,3,GOING STRAIGHT,APPARENTLY NORMAL,DRY,DAYLIGHT,LVMPD,NO
2127,INJURY CRASH,CLARK,1/22/16,RANCHO DR,229,N,CLOUDY,0,3,REAR-END,"SEDAN, 4 DOOR",S,29,1,GOING STRAIGHT,APPARENTLY NORMAL,"SEDAN, 4 DOOR",S,26,1,STOPPED,APPARENTLY NORMAL,DRY,DUSK,LVMPD,NO
2144,INJURY CRASH,CLARK,1/22/16,SR595,502,S,CLOUDY,0,1,NON-COLLISION,"SEDAN, 4 DOOR",S,20,0,RACING,APPARENTLY NORMAL,Unspecified,Unspecified,Unspecified,0,Unspecified,Unspecified,DRY,DARK - CONTINUOUS LIGHTING,LVMPD,NO
2147,PROPERTY DAMAGE ONLY,CLARK,1/22/16,IR15S,800,N,CLEAR,0,0,REAR-END,PICKUP,S,32,1,GOING STRAIGHT,APPARENTLY NORMAL,PICKUP,S,39,1,GOING STRAIGHT,APPARENTLY NORMAL,DRY,DARK - SPOT LIGHTING,NHP,NO
2148,INJURY CRASH,CLARK,1/22/16,IR15N,200,S,CLEAR,0,4,REAR-END,"SEDAN, 4 DOOR",N,26,3,GOING STRAIGHT,APPARENTLY NORMAL,VAN,N,24,3,GOING STRAIGHT,APPARENTLY NORMAL,DRY,DAYLIGHT,NHP,NO
2156,PROPERTY DAMAGE ONLY,CLARK,1/22/16,IR15S,0,Unspecified,UNKNOWN,0,0,NON-COLLISION,PICKUP,S,40,3,GOING STRAIGHT,APPARENTLY NORMAL,FLATBED OR PLATFORM,Unspecified,Unspecified,3,GOING STRAIGHT,Unspecified,DRY,DAYLIGHT,NHP,NO
2157,INJURY CRASH,CLARK,1/22/16,SR589,3,E,CLEAR,0,1,ANGLE,CARRY-ALL,E,21,3,GOING STRAIGHT,APPARENTLY NORMAL,"SEDAN, 4 DOOR",E,20,3,STOPPED,APPARENTLY NORMAL,DRY,DAYLIGHT,NHP,NO
2158,PROPERTY DAMAGE ONLY,CLARK,1/22/16,IR15S,400,N,CLEAR,0,0,REAR-END,"SEDAN, 4 DOOR",S,64,1,GOING STRAIGHT,APPARENTLY NORMAL,PALLET,S,43,1,GOING STRAIGHT,APPARENTLY NORMAL,DRY,DAYLIGHT,NHP,NO
2160,INJURY CRASH,CLARK,1/22/16,IR15S,750,N,CLEAR,0,1,REAR-END,"SEDAN, 4 DOOR",S,18,4,GOING STRAIGHT,APPARENTLY NORMAL,"SEDAN, 4 DOOR",S,41,4,GOING STRAIGHT,APPARENTLY NORMAL,DRY,DARK - SPOT LIGHTING,NHP,NO
2161,PROPERTY DAMAGE ONLY,CLARK,1/22/16,IR15N,800,N,CLEAR,0,0,REAR-END,"SEDAN, 4 DOOR",N,18,0,GOING STRAIGHT,APPARENTLY NORMAL,Unspecified,N,Unspecified,5,GOING STRAIGHT,Unspecified,DRY,DARK - SPOT LIGHTING,NHP,NO
2164,PROPERTY DAMAGE ONLY,CLARK,1/22/16,IR15S,250,S,CLEAR,0,0,NON-COLLISION,3-DOOR,S,21,3,GOING STRAIGHT,APPARENTLY NORMAL,Unspecified,Unspecified,Unspecified,0,Unspecified,Unspecified,DRY,DARK - SPOT LIGHTING,NHP,NO
2182,PROPERTY DAMAGE ONLY,CLARK,1/22/16,SR596,30,N,CLEAR,0,0,REAR-END,"SEDAN, 4 DOOR",S,30,1,GOING STRAIGHT,OTHER IMPROPER DRIVING,"SEDAN, 4 DOOR",S,40,1,STOPPED,APPARENTLY NORMAL,DRY,DAYLIGHT,NHP,NO
2192,PROPERTY DAMAGE ONLY,CLARK,1/22/16,US95S,500,E,CLEAR,0,0,REAR-END,"SEDAN, 4 DOOR",S,36,0,GOING STRAIGHT,INATTENTION/DISTRACTED,PICKUP,S,63,5,GOING STRAIGHT,APPARENTLY NORMAL,DRY,DAYLIGHT,NHP,NO
2098,INJURY CRASH,CLARK,1/22/16,SR579,119,W,CLEAR,0,1,ANGLE,CARRY-ALL,W,69,1,GOING STRAIGHT,APPARENTLY NORMAL,Unspecified,Unspecified,Unspecified,0,Unspecified,Unspecified,DRY,DARK - SPOT LIGHTING,LVMPD,YES
2103,INJURY CRASH,CLARK,1/22/16,TRILOGY DR,445,S,CLEAR,0,1,ANGLE,"SEDAN, 4 DOOR",N,25,1,GOING STRAIGHT,INATTENTION/DISTRACTED,PICKUP,N,43,1,STOPPED,APPARENTLY NORMAL,DRY,DAYLIGHT,LVMPD,NO
2118,INJURY CRASH,CLARK,1/22/16,MARTIN L KING BLVD,69,N,CLEAR,0,2,REAR-END,"SEDAN, 4 DOOR",S,47,1,GOING STRAIGHT,APPARENTLY NORMAL,"SEDAN, 4 DOOR",E,23,1,GOING STRAIGHT,APPARENTLY NORMAL,DRY,DAYLIGHT,LVMPD,NO
2122,INJURY CRASH,CLARK,1/22/16,MARTIN L KING BLVD,300,N,CLOUDY,0,1,REAR-END,"SEDAN, 2 DOOR",S,19,1,GOING STRAIGHT,APPARENTLY NORMAL,"SEDAN, 4 DOOR",S,23,1,STOPPED,APPARENTLY NORMAL,DRY,DAYLIGHT,LVMPD,NO
2166,PROPERTY DAMAGE ONLY,CLARK,1/22/16,IR15S,1600,N,CLEAR,0,0,NON-COLLISION,PICKUP,S,52,0,GOING STRAIGHT,APPARENTLY NORMAL,Unspecified,Unspecified,Unspecified,0,Unspecified,Unspecified,DRY,DARK - SPOT LIGHTING,NHP,NO
2172,PROPERTY DAMAGE ONLY,CLARK,1/22/16,US95N,75,E,CLEAR,0,0,ANGLE,"SEDAN, 4 DOOR",N,60,1,GOING STRAIGHT,APPARENTLY NORMAL,UTILITY,N,44,1,STOPPED,APPARENTLY NORMAL,DRY,DARK - SPOT LIGHTING,NHP,NO
2179,PROPERTY DAMAGE ONLY,CLARK,1/22/16,MARTIN L KING BLVD,74,N,CLEAR,0,0,"SIDESWIPE, OVERTAKING","SEDAN, 4 DOOR",S,25,1,CHANGING LANES,APPARENTLY NORMAL,"SEDAN, 4 DOOR",S,35,1,GOING STRAIGHT,APPARENTLY NORMAL,DRY,DAYLIGHT,NHP,NO
2596,PROPERTY DAMAGE ONLY,CLARK,1/27/16,SR159,80,W,CLEAR,0,0,ANGLE,CARRY-ALL,S,Unspecified,0,NOT REPORTED,OTHER IMPROPER DRIVING,PICKUP,W,Unspecified,0,GOING STRAIGHT,APPARENTLY NORMAL,Unspecified,Unspecified,LVMPD,NO
2183,INJURY CRASH,CLARK,1/22/16,SR599,45,S,CLEAR,0,2,REAR-END,"SEDAN, 4 DOOR",N,47,3,GOING STRAIGHT,OTHER IMPROPER DRIVING,"SEDAN, 4 DOOR",N,37,3,STOPPED,APPARENTLY NORMAL,DRY,DARK - SPOT LIGHTING,NHP,NO
2185,PROPERTY DAMAGE ONLY,CLARK,1/22/16,US95N,200,S,CLEAR,0,0,"SIDESWIPE, OVERTAKING",PICKUP,N,20,2,NOT REPORTED,APPARENTLY NORMAL,"SEDAN, 4 DOOR",N,46,2,GOING STRAIGHT,APPARENTLY NORMAL,DRY,DAYLIGHT,NHP,NO
2187,PROPERTY DAMAGE ONLY,CLARK,1/22/16,US95N TO IR15S INT42,50,N,CLEAR,0,0,ANGLE,Unspecified,Unspecified,Unspecified,1,NOT REPORTED,Unspecified,VAN,S,47,1,GOING STRAIGHT,APPARENTLY NORMAL,DRY,DAYLIGHT,NHP,NO
2188,INJURY CRASH,CLARK,1/22/16,S 4TH ST,60,E,CLEAR,0,2,REAR-END,SEDAN,W,27,0,GOING STRAIGHT,APPARENTLY NORMAL,"SEDAN, 4 DOOR",W,32,0,STOPPED,APPARENTLY NORMAL,DRY,DARK - SPOT LIGHTING,NHP,NO
2194,PROPERTY DAMAGE ONLY,CLARK,1/22/16,US95N,150,E,CLEAR,0,0,REAR-END,"SEDAN, 4 DOOR",N,45,2,GOING STRAIGHT,APPARENTLY NORMAL,"SEDAN, 4 DOOR",N,20,2,STOPPED,APPARENTLY NORMAL,DRY,DARK - SPOT LIGHTING,NHP,NO
2196,INJURY CRASH,CLARK,1/22/16,US95S,100,N,CLEAR,0,1,NON-COLLISION,CARRY-ALL,S,30,0,NOT REPORTED,APPARENTLY NORMAL,"HATCHBACK, 4 DOOR",S,Unspecified,0,CHANGING LANES,Unspecified,DRY,DAYLIGHT,NHP,NO
2200,INJURY CRASH,CLARK,1/22/16,IR15S,500,N,CLEAR,0,2,ANGLE,"SEDAN, 2 DOOR",S,32,0,NOT REPORTED,APPARENTLY NORMAL,"SEDAN, 4 DOOR",S,62,5,GOING STRAIGHT,APPARENTLY NORMAL,DRY,DAYLIGHT,NHP,NO
2202,PROPERTY DAMAGE ONLY,CLARK,1/22/16,IR15S,300,S,CLEAR,0,0,"SIDESWIPE, OVERTAKING","SEDAN, 4 DOOR",S,37,2,CHANGING LANES,APPARENTLY NORMAL,"SEDAN, 4 DOOR",S,40,2,GOING STRAIGHT,APPARENTLY NORMAL,DRY,DARK - SPOT LIGHTING,NHP,NO
2115,INJURY CRASH,CLARK,1/22/16,SUN CITY BLVD,209,E,CLEAR,0,1,REAR-END,PICKUP,E,86,2,GOING STRAIGHT,APPARENTLY NORMAL,UTILITY,Unspecified,Unspecified,2,PARKED,Unspecified,DRY,DAYLIGHT,LVMPD,NO
2149,PROPERTY DAMAGE ONLY,CLARK,1/22/16,US95S,250,S,CLEAR,0,0,NON-COLLISION,"SEDAN, 4 DOOR",S,32,0,NOT REPORTED,APPARENTLY NORMAL,Unspecified,Unspecified,Unspecified,0,Unspecified,Unspecified,DRY,DAYLIGHT,NHP,NO
2229,INJURY CRASH,CLARK,1/23/16,SR159,0,AT INT,CLOUDY,0,3,ANGLE,"SEDAN, 4 DOOR",W,27,0,TURNING LEFT,APPARENTLY NORMAL,"SEDAN, 4 DOOR",E,27,0,GOING STRAIGHT,APPARENTLY NORMAL,DRY,DARK - CONTINUOUS LIGHTING,LVMPD,NO
2245,INJURY CRASH,CLARK,1/23/16,SUMMERLIN PKWY E TO RAMPART BLVD,15,W,CLOUDY,0,1,REAR-END,"SEDAN, 4 DOOR",E,76,0,GOING STRAIGHT,APPARENTLY NORMAL,"SEDAN, 4 DOOR",E,33,0,GOING STRAIGHT,APPARENTLY NORMAL,DRY,DARK - SPOT LIGHTING,NHP,NO
2273,PROPERTY DAMAGE ONLY,CLARK,1/23/16,S DURANGO DR,700,N,CLEAR,0,0,ANGLE,"SEDAN, 4 DOOR",N,Unspecified,0,TURNING RIGHT,APPARENTLY NORMAL,"SEDAN, 4 DOOR",N,Unspecified,0,TURNING RIGHT,APPARENTLY NORMAL,Unspecified,Unspecified,LVMPD,NO
2221,PROPERTY DAMAGE ONLY,CLARK,1/23/16,SR612,0,AT INT,CLOUDY,0,0,ANGLE,PICKUP,N,Unspecified,0,TURNING LEFT,APPARENTLY NORMAL,PICKUP,S,Unspecified,0,GOING STRAIGHT,APPARENTLY NORMAL,Unspecified,Unspecified,LVMPD,NO
2222,INJURY CRASH,CLARK,1/23/16,EASTERN AVE,38,N,CLOUDY,0,1,REAR-END,"SEDAN, 4 DOOR",S,32,2,GOING STRAIGHT,APPARENTLY NORMAL,"SEDAN, 4 DOOR",S,31,2,GOING STRAIGHT,APPARENTLY NORMAL,DRY,DAYLIGHT,LVMPD,NO
2233,PROPERTY DAMAGE ONLY,CLARK,1/23/16,S 4TH ST,0,AT INT,CLEAR,0,0,ANGLE,CARRY-ALL,E,32,0,GOING STRAIGHT,APPARENTLY NORMAL,"SEDAN, 4 DOOR",N,73,0,GOING STRAIGHT,APPARENTLY NORMAL,DRY,DARK - CONTINUOUS LIGHTING,LVMPD,NO
2234,PROPERTY DAMAGE ONLY,CLARK,1/23/16,ATLANTIC ST,0,AT INT,CLEAR,0,0,ANGLE,"SEDAN, 4 DOOR",N,37,0,GOING STRAIGHT,HAD BEEN DRINKING,Unspecified,Unspecified,Unspecified,0,Unspecified,Unspecified,DRY,DARK - CONTINUOUS LIGHTING,LVMPD,NO
2250,INJURY CRASH,CLARK,1/23/16,IR15N,800,S,CLEAR,0,1,REAR-END,"SEDAN, 4 DOOR",N,19,4,GOING STRAIGHT,APPARENTLY NORMAL,"SEDAN, 4 DOOR",N,35,4,STOPPED,APPARENTLY NORMAL,DRY,DARK - SPOT LIGHTING,NHP,NO
2210,INJURY CRASH,CLARK,1/23/16,SR596,94,S,CLEAR,0,2,ANGLE,"SEDAN, 4 DOOR",S,30,1,MAKING U-TURN,APPARENTLY NORMAL,"SEDAN, 4 DOOR",S,22,1,GOING STRAIGHT,APPARENTLY NORMAL,DRY,DARK - SPOT LIGHTING,LVMPD,NO
2226,INJURY CRASH,CLARK,1/23/16,SR159,240,E,CLOUDY,0,2,REAR-END,VAN,W,39,1,NOT REPORTED,APPARENTLY NORMAL,"SEDAN, 2 DOOR",W,19,1,STOPPED,APPARENTLY NORMAL,DRY,DAYLIGHT,LVMPD,NO
2227,INJURY CRASH,CLARK,1/23/16,SR159,0,AT INT,CLEAR,0,1,ANGLE,Unspecified,Unspecified,Unspecified,0,GOING STRAIGHT,Unspecified,MOTORCYCLE,E,51,0,GOING STRAIGHT,APPARENTLY NORMAL,DRY,DARK - SPOT LIGHTING,LVMPD,NO
2236,PROPERTY DAMAGE ONLY,CLARK,1/23/16,SR589,50,E,CLEAR,0,0,"SIDESWIPE, OVERTAKING",CARRY-ALL,W,40,1,GOING STRAIGHT,APPARENTLY NORMAL,PICKUP,W,22,1,GOING STRAIGHT,APPARENTLY NORMAL,DRY,DARK - SPOT LIGHTING,NHP,NO
2237,INJURY CRASH,CLARK,1/23/16,SR589 TO IR15S INT40,100,S,CLEAR,0,1,NON-COLLISION,"SEDAN, 4 DOOR",S,31,0,NOT REPORTED,ILLNESS,Unspecified,Unspecified,Unspecified,0,Unspecified,Unspecified,DRY,DARK - SPOT LIGHTING,NHP,NO
2239,PROPERTY DAMAGE ONLY,CLARK,1/23/16,IR15N TO SR589W/E INT40,10,S,CLEAR,0,0,REAR-END,VAN,N,25,0,TURNING RIGHT,APPARENTLY NORMAL,"SEDAN, 4 DOOR",N,40,0,STOPPED,APPARENTLY NORMAL,DRY,DAYLIGHT,NHP,NO
2241,PROPERTY DAMAGE ONLY,CLARK,1/23/16,SR595,0,AT INT,CLOUDY,0,0,ANGLE,"SEDAN, 4 DOOR",S,20,1,GOING STRAIGHT,APPARENTLY NORMAL,CARRY-ALL,S,74,1,GOING STRAIGHT,APPARENTLY NORMAL,DRY,DAYLIGHT,NHP,NO
2243,PROPERTY DAMAGE ONLY,CLARK,1/23/16,IR15S,1000,S,CLOUDY,0,0,REAR-END,"SEDAN, 4 DOOR",S,19,1,GOING STRAIGHT,APPARENTLY NORMAL,"SEDAN, 4 DOOR",S,21,1,GOING STRAIGHT,Unspecified,DRY,DAYLIGHT,NHP,NO
2247,PROPERTY DAMAGE ONLY,CLARK,1/23/16,IR15S,400,N,CLEAR,0,0,REAR-END,"SEDAN, 4 DOOR",S,25,0,GOING STRAIGHT,APPARENTLY NORMAL,PICKUP,S,55,0,GOING STRAIGHT,APPARENTLY NORMAL,DRY,DARK - SPOT LIGHTING,NHP,NO
8606,PROPERTY DAMAGE ONLY,CLARK,3/24/16,SR578,0,AT INT,CLEAR,0,0,ANGLE,Unspecified,E,16,0,TURNING LEFT,Unspecified,"SEDAN, 4 DOOR",W,47,0,GOING STRAIGHT,APPARENTLY NORMAL,DRY,DAYLIGHT,LVMPD,NO
2249,PROPERTY DAMAGE ONLY,CLARK,1/23/16,SR159,25,E,CLEAR,0,0,REAR-END,Unspecified,W,Unspecified,1,GOING STRAIGHT,Unspecified,"HARDTOP, 4 DOOR",W,28,1,STOPPED,APPARENTLY NORMAL,DRY,DARK - SPOT LIGHTING,NHP,NO
2276,INJURY CRASH,CLARK,1/23/16,W SUMMERLIN PKWY TO BUFFALO DR,500,E,CLEAR,0,2,REAR-END,CARRY-ALL,W,40,0,NOT REPORTED,Unspecified,"SEDAN, 4 DOOR",N,31,0,PARKED,APPARENTLY NORMAL,DRY,DARK - SPOT LIGHTING,NHP,NO
2211,PROPERTY DAMAGE ONLY,CLARK,1/23/16,LAKE MEAD BLVD,0,AT INT,CLEAR,0,0,NON-COLLISION,"SEDAN, 4 DOOR",Unspecified,Unspecified,0,UNKNOWN,Unspecified,Unspecified,Unspecified,Unspecified,0,Unspecified,Unspecified,DRY,DARK - SPOT LIGHTING,LVMPD,NO
2218,INJURY CRASH,CLARK,1/23/16,SR596,300,S,CLOUDY,0,1,ANGLE,CARRY-ALL,E,85,2,TURNING LEFT,APPARENTLY NORMAL,"HATCHBACK, 2 DOOR",S,21,2,GOING STRAIGHT,APPARENTLY NORMAL,DRY,DAYLIGHT,LVMPD,NO
2267,PROPERTY DAMAGE ONLY,CLARK,1/23/16,US95S TO IR15N INT42,1500,S,CLOUDY,0,0,NON-COLLISION,"HARDTOP, 4 DOOR",S,24,0,GOING STRAIGHT,APPARENTLY NORMAL,Unspecified,Unspecified,Unspecified,0,Unspecified,Unspecified,WET,DAYLIGHT,NHP,NO
2268,PROPERTY DAMAGE ONLY,CLARK,1/23/16,IR15N,200,N,CLOUDY,0,0,ANGLE,"SEDAN, 4 DOOR",N,20,0,GOING STRAIGHT,APPARENTLY NORMAL,"SEDAN, 4 DOOR",N,Unspecified,0,CHANGING LANES,Unspecified,DRY,DAYLIGHT,NHP,NO