FileID,CrashSeverity,County,CrashDate,PrimaryStreet,Distance,Direction,Weather,NumberOfFatalities,NumberOfInjured,CrashType,FirstVehicleType,FirstVehicleDirection,FirstDriverAge,FirstVehicleLane,FirstVehicleAction,FirstDriverCondition,SecondVehicleType,SecondVehicleDirection,SecondDriverAge,SecondVehicleLane,SecondVehicleAction,SecondDriverCondition,RoadCondition,Lighting,AgencyName,PedestrianInvolved
2549,PROPERTY DAMAGE ONLY,CLARK,1/26/16,US95S TO SR599S INT77,10,W,CLEAR,0,0,REAR-END,SEDAN,S,Unspecified,0,GOING STRAIGHT,APPARENTLY NORMAL,CARRY-ALL,S,19,0,STOPPED,APPARENTLY NORMAL,DRY,DAYLIGHT,NHP,NO
2479,INJURY CRASH,CLARK,1/26/16,W WASHINGTON AVE,300,W,CLEAR,0,1,REAR-END,"SEDAN, 4 DOOR",W,38,2,GOING STRAIGHT,INATTENTION/DISTRACTED: DRUG INVOLVEMENT,"SEDAN, 4 DOOR",W,45,2,GOING STRAIGHT,APPARENTLY NORMAL,DRY,DAYLIGHT,LVMPD,NO
2484,PROPERTY DAMAGE ONLY,CLARK,1/26/16,LAS VEGAS BLVD,0,AT INT,CLEAR,0,0,"SIDESWIPE, OVERTAKING",CARRY-ALL,S,Unspecified,0,CHANGING LANES,APPARENTLY NORMAL,"SEDAN, 4 DOOR",S,Unspecified,0,GOING STRAIGHT,APPARENTLY NORMAL,Unspecified,Unspecified,LVMPD,NO
2496,INJURY CRASH,CLARK,1/26/16,W WASHINGTON AVE,200,W,CLEAR,0,1,ANGLE,"SEDAN, 4 DOOR",E,19,2,GOING STRAIGHT,"FELL ASLEEP, FAINTED, FATIGUED, ETC.","SEDAN, 4 DOOR",E,19,2,GOING STRAIGHT,APPARENTLY NORMAL,DRY,DAYLIGHT,LVMPD,NO
2585,PROPERTY DAMAGE ONLY,CLARK,1/27/16,SR159,0,AT INT,CLOUDY,0,0,ANGLE,"SEDAN, 4 DOOR",E,85,0,TURNING LEFT,APPARENTLY NORMAL,"SEDAN, 4 DOOR",W,19,0,GOING STRAIGHT,APPARENTLY NORMAL,DRY,DAYLIGHT,LVMPD,NO
2536,PROPERTY DAMAGE ONLY,CLARK,1/26/16,US95N,500,E,CLEAR,0,0,"SIDESWIPE, OVERTAKING","TRACTOR TRUCK, DIESEL",N,47,4,CHANGING LANES,APPARENTLY NORMAL,"SEDAN, 4 DOOR",N,43,4,GOING STRAIGHT,APPARENTLY NORMAL,DRY,DARK - SPOT LIGHTING,NHP,NO
2547,INJURY CRASH,CLARK,1/26/16,US95N,20,S,CLEAR,0,1,REAR-END,"SEDAN, 4 DOOR",N,36,1,GOING STRAIGHT,APPARENTLY NORMAL,SEDAN,N,40,1,GOING STRAIGHT,APPARENTLY NORMAL,DRY,DAYLIGHT,NHP,NO
2558,PROPERTY DAMAGE ONLY,CLARK,1/26/16,US95N TO VALLEY VIEW BLVD N/S,0,AT INT,CLEAR,0,0,"SIDESWIPE, OVERTAKING",PICKUP,N,68,0,TURNING LEFT,APPARENTLY NORMAL,"SEDAN, 4 DOOR",N,55,0,TURNING LEFT,APPARENTLY NORMAL,DRY,DAYLIGHT,NHP,NO
2469,INJURY CRASH,CLARK,1/26/16,SHADY TIMBER ST,22,N,CLEAR,0,1,REAR-END,"SEDAN, 4 DOOR",S,19,1,GOING STRAIGHT,APPARENTLY NORMAL,"SEDAN, 4 DOOR",S,54,1,STOPPED,APPARENTLY NORMAL,DRY,DAYLIGHT,LVMPD,NO
2491,INJURY CRASH,CLARK,1/26/16,N BUFFALO DR,400,S,CLEAR,0,1,ANGLE,"SEDAN, 4 DOOR",W,52,0,TURNING LEFT,APPARENTLY NORMAL,"HATCHBACK, 2 DOOR",N,17,0,GOING STRAIGHT,APPARENTLY NORMAL,DRY,DAYLIGHT,LVMPD,NO
2508,INJURY CRASH,CLARK,1/26/16,SR573,86,W,CLEAR,0,4,REAR-END,"SEDAN, 4 DOOR",E,18,3,GOING STRAIGHT,APPARENTLY NORMAL,BUS,E,Unspecified,3,STOPPED,APPARENTLY NORMAL,DRY,DARK - CONTINUOUS LIGHTING,LVMPD,NO
2515,PROPERTY DAMAGE ONLY,CLARK,1/26/16,US95S,100,S,CLEAR,0,0,NON-COLLISION,MOTORCYCLE,S,23,3,CHANGING LANES,OTHER IMPROPER DRIVING,"SEDAN, 4 DOOR",S,23,3,CHANGING LANES,APPARENTLY NORMAL,DRY,DAYLIGHT,NHP,NO
2519,PROPERTY DAMAGE ONLY,CLARK,1/26/16,US95S,500,S,CLEAR,0,0,REAR-END,"SEDAN, 4 DOOR",S,50,2,GOING STRAIGHT,APPARENTLY NORMAL,"HATCHBACK, 2 DOOR",S,21,2,STOPPED,APPARENTLY NORMAL,DRY,DAYLIGHT,NHP,NO
2537,PROPERTY DAMAGE ONLY,CLARK,1/26/16,US95S TO ANN RD INT90B,10,N,CLEAR,0,0,REAR-END,Unspecified,Unspecified,Unspecified,0,GOING STRAIGHT,Unspecified,"SEDAN, 4 DOOR",S,61,0,STOPPED,APPARENTLY NORMAL,DRY,DARK - SPOT LIGHTING,NHP,NO
2555,PROPERTY DAMAGE ONLY,CLARK,1/26/16,US95S,250,S,CLEAR,0,0,"SIDESWIPE, OVERTAKING",CARRY-ALL,S,60,2,CHANGING LANES,APPARENTLY NORMAL,CARRY-ALL,S,45,2,GOING STRAIGHT,APPARENTLY NORMAL,DRY,DAYLIGHT,NHP,NO
2590,INJURY CRASH,CLARK,1/27/16,HORSE DR,0,AT INT,CLEAR,0,1,ANGLE,PICKUP,W,44,0,GOING STRAIGHT,APPARENTLY NORMAL,"SEDAN, 4 DOOR",S,16,0,GOING STRAIGHT,APPARENTLY NORMAL,DRY,DAYLIGHT,LVMPD,NO
2593,PROPERTY DAMAGE ONLY,CLARK,1/27/16,N BUFFALO DR,75,S,CLOUDY,0,0,REAR-END,"SEDAN, 4 DOOR",N,20,0,GOING STRAIGHT,APPARENTLY NORMAL,CARRY-ALL,N,38,0,STOPPED,APPARENTLY NORMAL,DRY,DAYLIGHT,LVMPD,NO
2647,INJURY CRASH,CLARK,1/27/16,CC215N TO JONES BLVD INT40,17,W,CLEAR,0,1,REAR-END,"SEDAN, 2 DOOR",E,25,0,TURNING RIGHT,APPARENTLY NORMAL,UTILITY,E,60,0,STOPPED,APPARENTLY NORMAL,WET,DARK - SPOT LIGHTING,NHP,NO
9960,INJURY CRASH,CLARK,4/5/16,SR159,70,W,CLEAR,0,1,ANGLE,"SEDAN, 4 DOOR",E,Unspecified,3,GOING STRAIGHT,Unspecified,"SEDAN, 4 DOOR",E,36,3,STOPPED,APPARENTLY NORMAL,DRY,DAYLIGHT,LVMPD,NO
2620,PROPERTY DAMAGE ONLY,CLARK,1/27/16,TOWN CENTER DR N TO SUMMERLIN PKWY W,15,E,CLOUDY,0,0,ANGLE,"SEDAN, 4 DOOR",W,57,0,GOING STRAIGHT,APPARENTLY NORMAL,VAN,W,27,0,GOING STRAIGHT,APPARENTLY NORMAL,DRY,DAYLIGHT,NHP,NO
2579,PROPERTY DAMAGE ONLY,CLARK,1/27/16,LAMB BLVD,75,S,CLEAR,0,0,REAR-END,"SEDAN, 4 DOOR",E,21,0,GOING STRAIGHT,APPARENTLY NORMAL,"SEDAN, 4 DOOR",S,44,0,STOPPED,APPARENTLY NORMAL,DRY,DAYLIGHT,LVMPD,NO
2582,PROPERTY DAMAGE ONLY,CLARK,1/27/16,LAMB BLVD,14,N,CLEAR,0,0,REAR-END,"HARDTOP, 2 DOOR",S,Unspecified,2,GOING STRAIGHT,Unspecified,"SEDAN, 4 DOOR",S,21,2,STOPPED,APPARENTLY NORMAL,DRY,DAYLIGHT,LVMPD,NO
2583,PROPERTY DAMAGE ONLY,CLARK,1/27/16,FAIRFIELD AVE E,204,S,CLEAR,0,0,REAR-END,Unspecified,S,Unspecified,0,UNKNOWN,Unspecified,"SEDAN, 4 DOOR",Unspecified,Unspecified,0,PARKED,Unspecified,DRY,DAYLIGHT,LVMPD,NO
2589,PROPERTY DAMAGE ONLY,CLARK,1/27/16,LAS VEGAS BLVD,20,N,CLEAR,0,0,REAR-END,CARRY-ALL,S,Unspecified,0,GOING STRAIGHT,APPARENTLY NORMAL,"SEDAN, 4 DOOR",S,Unspecified,0,STOPPED,APPARENTLY NORMAL,Unspecified,Unspecified,LVMPD,NO
2598,INJURY CRASH,CLARK,1/27/16,LAMB BLVD,5,S,CLEAR,0,1,NON-COLLISION,"SEDAN, 4 DOOR",S,51,2,GOING STRAIGHT,APPARENTLY NORMAL,Unspecified,Unspecified,Unspecified,0,Unspecified,Unspecified,DRY,DUSK,LVMPD,YES
2602,INJURY CRASH,CLARK,1/27/16,S 13TH ST,0,AT INT,CLOUDY,0,1,"SIDESWIPE, OVERTAKING","SEDAN, 4 DOOR",N,22,0,CHANGING LANES,APPARENTLY NORMAL,"SEDAN, 4 DOOR",N,22,0,GOING STRAIGHT,APPARENTLY NORMAL,DRY,DUSK,LVMPD,NO
2618,PROPERTY DAMAGE ONLY,CLARK,1/27/16,IR15N TO SR159E INT41,20,W,CLEAR,0,0,NON-COLLISION,"SEDAN, 4 DOOR",N,34,0,NOT REPORTED,HAD BEEN DRINKING,Unspecified,Unspecified,Unspecified,0,Unspecified,Unspecified,DRY,DARK - SPOT LIGHTING,NHP,NO
2621,PROPERTY DAMAGE ONLY,CLARK,1/27/16,US95N,1000,N,CLEAR,0,0,REAR-END,Unspecified,N,Unspecified,2,GOING STRAIGHT,Unspecified,CARRY-ALL,N,39,2,GOING STRAIGHT,APPARENTLY NORMAL,DRY,DAYLIGHT,NHP,NO
2633,PROPERTY DAMAGE ONLY,CLARK,1/27/16,US95N,1050,S,CLEAR,0,0,REAR-END,"HATCHBACK, 2 DOOR",N,23,3,GOING STRAIGHT,APPARENTLY NORMAL,"SEDAN, 4 DOOR",N,40,3,STOPPED,APPARENTLY NORMAL,WET,DAYLIGHT,NHP,NO
2638,PROPERTY DAMAGE ONLY,CLARK,1/27/16,US95N,1500,W,CLEAR,0,0,REAR-END,"SEDAN, 4 DOOR",N,26,1,GOING STRAIGHT,APPARENTLY NORMAL,"SEDAN, 4 DOOR",N,50,1,GOING STRAIGHT,APPARENTLY NORMAL,WET,DAYLIGHT,NHP,NO
2640,INJURY CRASH,CLARK,1/27/16,STEWART AVE,0,AT INT,CLEAR,0,1,NON-COLLISION,"SEDAN, 4 DOOR",E,21,0,TURNING LEFT,APPARENTLY NORMAL,Unspecified,Unspecified,Unspecified,0,Unspecified,Unspecified,DRY,DARK - SPOT LIGHTING,NHP,YES
2417,INJURY CRASH,CLARK,1/27/16,SR159,0,AT INT,CLEAR,0,5,ANGLE,"SEDAN, 4 DOOR",W,20,0,GOING STRAIGHT,APPARENTLY NORMAL,"SEDAN, 4 DOOR",N,49,0,GOING STRAIGHT,APPARENTLY NORMAL,DRY,DAYLIGHT,NHP,NO
2576,INJURY CRASH,CLARK,1/27/16,SR159,0,AT INT,CLEAR,0,1,ANGLE,"SEDAN, 4 DOOR",W,46,0,TURNING LEFT,APPARENTLY NORMAL,"SEDAN, 4 DOOR",E,19,0,GOING STRAIGHT,APPARENTLY NORMAL,DRY,DAYLIGHT,LVMPD,NO
2600,INJURY CRASH,CLARK,1/27/16,N TENAYA WAY,0,AT INT,CLEAR,0,2,ANGLE,"SEDAN, 2 DOOR",E,75,0,TURNING LEFT,APPARENTLY NORMAL,CARRY-ALL,S,82,0,GOING STRAIGHT,APPARENTLY NORMAL,DRY,DAYLIGHT,LVMPD,NO
2608,PROPERTY DAMAGE ONLY,CLARK,1/27/16,SR159,0,AT INT,CLEAR,0,0,REAR-END,"SEDAN, 4 DOOR",E,26,0,GOING STRAIGHT,INATTENTION/DISTRACTED,PICKUP,E,43,0,STOPPED,APPARENTLY NORMAL,DRY,DARK - SPOT LIGHTING,LVMPD,NO
2612,INJURY CRASH,CLARK,1/27/16,ALTA DR,27,W,CLEAR,0,3,REAR-END,"SEDAN, 4 DOOR",W,67,1,GOING STRAIGHT,APPARENTLY NORMAL,CARRY-ALL,W,62,1,STOPPED,APPARENTLY NORMAL,DRY,DARK - SPOT LIGHTING,LVMPD,NO
2627,PROPERTY DAMAGE ONLY,CLARK,1/27/16,SR589,0,AT INT,CLEAR,0,0,ANGLE,"HARDTOP, 4 DOOR",W,29,0,GOING STRAIGHT,APPARENTLY NORMAL,"SEDAN, 4 DOOR",N,29,0,TURNING LEFT,APPARENTLY NORMAL,DRY,DARK - SPOT LIGHTING,NHP,NO
2645,PROPERTY DAMAGE ONLY,CLARK,1/27/16,US95S,150,S,CLOUDY,0,0,REAR-END,"SEDAN, 4 DOOR",S,28,0,GOING STRAIGHT,APPARENTLY NORMAL,"SEDAN, 4 DOOR",S,42,5,GOING STRAIGHT,APPARENTLY NORMAL,DRY,DAYLIGHT,NHP,NO
2650,PROPERTY DAMAGE ONLY,CLARK,1/27/16,MARTIN L KING BLVD,0,AT INT,CLEAR,0,0,ANGLE,PICKUP,N,45,0,GOING STRAIGHT,APPARENTLY NORMAL,"SEDAN, 4 DOOR",S,23,0,TURNING LEFT,APPARENTLY NORMAL,DRY,DAYLIGHT,NHP,NO
2658,PROPERTY DAMAGE ONLY,CLARK,1/27/16,IR15S,800,S,CLEAR,0,0,REAR-END,"SEDAN, 2 DOOR",S,23,4,GOING STRAIGHT,APPARENTLY NORMAL,Unspecified,Unspecified,Unspecified,0,Unspecified,Unspecified,DRY,DARK - SPOT LIGHTING,NHP,NO
2636,PROPERTY DAMAGE ONLY,CLARK,1/27/16,US95N,750,E,CLEAR,0,0,NON-COLLISION,"SEDAN, 4 DOOR",N,24,0,GOING STRAIGHT,APPARENTLY NORMAL,Unspecified,Unspecified,Unspecified,0,Unspecified,Unspecified,DRY,DARK - SPOT LIGHTING,NHP,NO
2641,PROPERTY DAMAGE ONLY,CLARK,1/27/16,US95S,1924,W,CLEAR,0,0,"SIDESWIPE, OVERTAKING",Unspecified,S,Unspecified,2,GOING STRAIGHT,Unspecified,"SEDAN, 4 DOOR",S,27,2,GOING STRAIGHT,APPARENTLY NORMAL,DRY,DARK - CONTINUOUS LIGHTING,NHP,NO
2662,PROPERTY DAMAGE ONLY,CLARK,1/27/16,US95N TO DECATUR BLVD N/S INT79,1500,S,CLEAR,0,0,NON-COLLISION,CARRY-ALL,N,28,0,GOING STRAIGHT,HAD BEEN DRINKING,Unspecified,Unspecified,Unspecified,0,Unspecified,Unspecified,DRY,DARK - SPOT LIGHTING,NHP,NO
2559,INJURY CRASH,CLARK,1/27/16,CHEYENNE AVE,0,AT INT,CLEAR,0,1,NON-COLLISION,"SEDAN, 4 DOOR",E,45,0,GOING STRAIGHT,APPARENTLY NORMAL,Unspecified,Unspecified,Unspecified,0,Unspecified,Unspecified,DRY,DARK - CONTINUOUS LIGHTING,LVMPD,NO
2570,INJURY CRASH,CLARK,1/27/16,HIGH RANGE DR,35,S,CLEAR,0,1,NON-COLLISION,CARRY-ALL,S,70,0,GOING STRAIGHT,HAD BEEN DRINKING: DRUG INVOLVEMENT,Unspecified,Unspecified,Unspecified,0,Unspecified,Unspecified,DRY,DARK - CONTINUOUS LIGHTING,LVMPD,NO
2607,INJURY CRASH,CLARK,1/27/16,CHEYENNE AVE,50,W,CLEAR,0,1,REAR-END,Unspecified,Unspecified,Unspecified,3,GOING STRAIGHT,Unspecified,"SEDAN, 4 DOOR",E,44,3,STOPPED,APPARENTLY NORMAL,DRY,DARK - CONTINUOUS LIGHTING,LVMPD,NO
2625,PROPERTY DAMAGE ONLY,CLARK,1/27/16,SR573,0,AT INT,CLEAR,0,0,ANGLE,"SEDAN, 4 DOOR",W,21,0,GOING STRAIGHT,APPARENTLY NORMAL,"SEDAN, 4 DOOR",W,71,0,GOING STRAIGHT,APPARENTLY NORMAL,DRY,DARK - SPOT LIGHTING,NHP,NO
2654,PROPERTY DAMAGE ONLY,CLARK,1/27/16,US95S TO SR573W INT83,20,N,CLEAR,0,0,"SIDESWIPE, OVERTAKING","SEDAN, 2 DOOR",S,49,0,TURNING RIGHT,APPARENTLY NORMAL,"SEDAN, 4 DOOR",S,27,0,TURNING RIGHT,APPARENTLY NORMAL,DRY,DAYLIGHT,NHP,NO
2591,PROPERTY DAMAGE ONLY,CLARK,1/27/16,W TROPICAL PKWY,1727,W,CLEAR,0,0,ANGLE,PICKUP,W,Unspecified,0,GOING STRAIGHT,APPARENTLY NORMAL,"SEDAN, 4 DOOR",W,Unspecified,0,GOING STRAIGHT,"FELL ASLEEP, FAINTED, FATIGUED, ETC.",Unspecified,Unspecified,LVMPD,NO
2700,PROPERTY DAMAGE ONLY,CLARK,1/28/16,ANN RD,200,E,CLEAR,0,0,"SIDESWIPE, OVERTAKING","SEDAN, 4 DOOR",E,Unspecified,0,CHANGING LANES,OTHER IMPROPER DRIVING,"SEDAN, 4 DOOR",E,Unspecified,0,GOING STRAIGHT,APPARENTLY NORMAL,Unspecified,Unspecified,LVMPD,NO
2691,PROPERTY DAMAGE ONLY,CLARK,1/28/16,SR159,100,E,CLEAR,0,0,"SIDESWIPE, OVERTAKING",UTILITY,W,Unspecified,0,CHANGING LANES,APPARENTLY NORMAL,"SEDAN, 4 DOOR",W,Unspecified,0,GOING STRAIGHT,APPARENTLY NORMAL,Unspecified,Unspecified,LVMPD,NO
2708,INJURY CRASH,CLARK,1/28/16,SR159,0,AT INT,CLEAR,0,1,ANGLE,CARRY-ALL,W,48,0,TURNING LEFT,APPARENTLY NORMAL,"SEDAN, 4 DOOR",E,35,0,GOING STRAIGHT,APPARENTLY NORMAL,DRY,DARK - CONTINUOUS LIGHTING,LVMPD,NO
2731,PROPERTY DAMAGE ONLY,CLARK,1/28/16,E SUMMERLIN PKWY,800,W,CLEAR,0,0,REAR-END,CARRY-ALL,E,45,1,GOING STRAIGHT,APPARENTLY NORMAL,CARRY-ALL,E,57,1,GOING STRAIGHT,APPARENTLY NORMAL,WET,DARK - NO LIGHTING,NHP,NO
2681,INJURY CRASH,CLARK,1/28/16,LAMB BLVD,100,S,CLEAR,0,2,REAR-END,"SEDAN, 4 DOOR",N,29,2,GOING STRAIGHT,APPARENTLY NORMAL,"HATCHBACK, 4 DOOR",N,26,2,STOPPED,APPARENTLY NORMAL,DRY,DAYLIGHT,LVMPD,NO
2697,PROPERTY DAMAGE ONLY,CLARK,1/28/16,GASS AVE,0,AT INT,CLEAR,0,0,ANGLE,"HATCHBACK, 4 DOOR",E,60,0,TURNING LEFT,APPARENTLY NORMAL,"SEDAN, 4 DOOR",E,58,0,GOING STRAIGHT,APPARENTLY NORMAL,DRY,DAYLIGHT,LVMPD,NO
2723,PROPERTY DAMAGE ONLY,CLARK,1/28/16,US95S,500,N,CLEAR,0,0,ANGLE,"SEDAN, 2 DOOR",S,54,2,CHANGING LANES,APPARENTLY NORMAL,"SEDAN, 2 DOOR",S,23,2,GOING STRAIGHT,APPARENTLY NORMAL,WET,DAYLIGHT,NHP,NO
2724,INJURY CRASH,CLARK,1/28/16,US95S,75,S,CLEAR,0,1,ANGLE,"SEDAN, 4 DOOR",S,39,1,NOT REPORTED,APPARENTLY NORMAL,"HATCHBACK, 4 DOOR",S,41,1,GOING STRAIGHT,APPARENTLY NORMAL,WET,DAYLIGHT,NHP,NO
2725,PROPERTY DAMAGE ONLY,CLARK,1/28/16,SR159,0,AT INT,CLEAR,0,0,ANGLE,"SEDAN, 4 DOOR",E,48,0,TURNING LEFT,APPARENTLY NORMAL,UTILITY,E,61,0,TURNING LEFT,Unspecified,WET,DAYLIGHT,NHP,NO
2727,PROPERTY DAMAGE ONLY,CLARK,1/28/16,IR15N,50,N,CLEAR,0,0,REAR-END,"SEDAN, 4 DOOR",N,36,3,GOING STRAIGHT,APPARENTLY NORMAL,"SEDAN, 4 DOOR",N,30,3,STOPPED,APPARENTLY NORMAL,DRY,DAYLIGHT,NHP,NO
2729,PROPERTY DAMAGE ONLY,CLARK,1/28/16,US95N,2640,N,CLEAR,0,0,REAR-END,VAN,N,64,3,GOING STRAIGHT,APPARENTLY NORMAL,"SEDAN, 4 DOOR",N,60,3,STOPPED,APPARENTLY NORMAL,DRY,DAYLIGHT,NHP,NO
2732,INJURY CRASH,CLARK,1/28/16,US95N,75,S,CLEAR,0,2,REAR-END,"HATCHBACK, 4 DOOR",N,33,3,GOING STRAIGHT,APPARENTLY NORMAL,"SEDAN, 4 DOOR",N,30,3,STOPPED,APPARENTLY NORMAL,DRY,DARK - CONTINUOUS LIGHTING,NHP,NO
2733,PROPERTY DAMAGE ONLY,CLARK,1/28/16,IR15N,100,S,CLEAR,0,0,REAR-END,PICKUP,N,18,0,GOING STRAIGHT,APPARENTLY NORMAL,CARRY-ALL,N,69,5,STOPPED,APPARENTLY NORMAL,DRY,DARK - SPOT LIGHTING,NHP,NO
2735,INJURY CRASH,CLARK,1/28/16,IR15N,500,S,CLEAR,0,1,REAR-END,CARRY-ALL,N,36,4,GOING STRAIGHT,APPARENTLY NORMAL,CARRY-ALL,N,59,4,STOPPED,APPARENTLY NORMAL,DRY,DARK - SPOT LIGHTING,NHP,NO
2747,PROPERTY DAMAGE ONLY,CLARK,1/28/16,EASTERN AVE,12,S,CLEAR,0,0,REAR-END,"SEDAN, 4 DOOR",S,20,1,GOING STRAIGHT,APPARENTLY NORMAL,"SEDAN, 4 DOOR",S,43,1,STOPPED,APPARENTLY NORMAL,DRY,DAYLIGHT,NHP,NO
2690,PROPERTY DAMAGE ONLY,CLARK,1/28/16,SR595,240,N,CLEAR,0,0,ANGLE,VAN,E,Unspecified,0,GOING STRAIGHT,APPARENTLY NORMAL,PICKUP,S,Unspecified,0,GOING STRAIGHT,APPARENTLY NORMAL,Unspecified,Unspecified,LVMPD,NO
2692,INJURY CRASH,CLARK,1/28/16,SR589,400,E,CLEAR,0,4,REAR-END,OTHER,W,29,2,GOING STRAIGHT,APPARENTLY NORMAL,PICKUP,W,38,2,STOPPED,APPARENTLY NORMAL,DRY,DAYLIGHT,LVMPD,NO
2694,PROPERTY DAMAGE ONLY,CLARK,1/28/16,ARVILLE ST,111,N,CLEAR,0,0,NON-COLLISION,"SEDAN, 4 DOOR",N,Unspecified,0,GOING STRAIGHT,APPARENTLY NORMAL,Unspecified,Unspecified,Unspecified,0,Unspecified,Unspecified,Unspecified,Unspecified,LVMPD,NO
2699,PROPERTY DAMAGE ONLY,CLARK,1/28/16,N YALE ST,0,AT INT,CLEAR,0,0,ANGLE,"SEDAN, 4 DOOR",N,51,0,TURNING RIGHT,APPARENTLY NORMAL,Unspecified,W,Unspecified,0,TURNING LEFT,Unspecified,DRY,DAYLIGHT,LVMPD,NO
2709,INJURY CRASH,CLARK,1/28/16,SR159,250,E,CLEAR,0,1,ANGLE,UTILITY,W,58,1,GOING STRAIGHT,APPARENTLY NORMAL,COUPE,W,41,1,STOPPED,APPARENTLY NORMAL,DRY,DARK - CONTINUOUS LIGHTING,LVMPD,NO
2717,INJURY CRASH,CLARK,1/28/16,SR159,0,AT INT,CLEAR,0,3,ANGLE,MOTORSCOOTER,S,19,0,TURNING LEFT,DRUG INVOLVEMENT,"SEDAN, 4 DOOR",W,53,0,GOING STRAIGHT,APPARENTLY NORMAL,DRY,DARK - CONTINUOUS LIGHTING,LVMPD,NO
2719,INJURY CRASH,CLARK,1/28/16,SR589,249,W,CLEAR,0,1,REAR-END,"SEDAN, 4 DOOR",E,31,1,GOING STRAIGHT,APPARENTLY NORMAL,PICKUP,E,24,1,GOING STRAIGHT,APPARENTLY NORMAL,DRY,DARK - CONTINUOUS LIGHTING,LVMPD,NO
2753,INJURY CRASH,CLARK,1/28/16,US95S,400,N,CLEAR,0,2,REAR-END,CARRY-ALL,S,51,0,GOING STRAIGHT,DRUG INVOLVEMENT,"SEDAN, 4 DOOR",S,46,5,GOING STRAIGHT,APPARENTLY NORMAL,DRY,DAYLIGHT,NHP,NO
2759,INJURY CRASH,CLARK,1/28/16,US95S,500,E,CLEAR,0,1,"SIDESWIPE, OVERTAKING","SEDAN, 4 DOOR",S,37,0,NOT REPORTED,APPARENTLY NORMAL,PICKUP,S,28,0,GOING STRAIGHT,APPARENTLY NORMAL,DRY,DAYLIGHT,NHP,NO
2761,INJURY CRASH,CLARK,1/28/16,US95S,1700,E,CLEAR,0,1,REAR-END,"SEDAN, 4 DOOR",S,42,2,GOING STRAIGHT,APPARENTLY NORMAL,Unspecified,S,Unspecified,2,STOPPED,Unspecified,DRY,DAYLIGHT,NHP,NO
2686,INJURY CRASH,CLARK,1/28/16,OWENS AVE,0,AT INT,CLEAR,0,1,"SIDESWIPE, OVERTAKING",Unspecified,W,Unspecified,0,TURNING LEFT,Unspecified,"SEDAN, 4 DOOR",W,35,0,GOING STRAIGHT,APPARENTLY NORMAL,DRY,DAYLIGHT,LVMPD,NO
2687,INJURY CRASH,CLARK,1/28/16,LAKE MEAD BLVD,137,W,CLEAR,0,2,REAR-END,"SEDAN, 2 DOOR",E,41,2,GOING STRAIGHT,DRUG INVOLVEMENT,"SEDAN, 4 DOOR",E,46,2,STOPPED,APPARENTLY NORMAL,DRY,DAYLIGHT,LVMPD,NO
2713,INJURY CRASH,CLARK,1/28/16,N DECATUR BLVD,40,N,CLEAR,0,1,REAR-END,VAN,N,42,0,GOING STRAIGHT,APPARENTLY NORMAL,"SEDAN, 4 DOOR",S,35,0,STOPPED,APPARENTLY NORMAL,DRY,DARK - CONTINUOUS LIGHTING,LVMPD,NO
2726,INJURY CRASH,CLARK,1/28/16,US95N TO LAKE MEAD BLVD E INT82,30,W,CLEAR,0,1,NON-COLLISION,VAN,N,28,1,GOING STRAIGHT,INATTENTION/DISTRACTED,Unspecified,Unspecified,Unspecified,0,Unspecified,Unspecified,DRY,DAYLIGHT,NHP,NO
2740,INJURY CRASH,CLARK,1/28/16,LAKE MEAD BLVD,0,AT INT,CLEAR,0,1,NON-COLLISION,BUS,N,51,0,TURNING LEFT,APPARENTLY NORMAL,Unspecified,Unspecified,Unspecified,0,Unspecified,Unspecified,DRY,DAYLIGHT,NLPD,YES
2757,PROPERTY DAMAGE ONLY,CLARK,1/28/16,MARTIN L KING BLVD,3,S,CLEAR,0,0,ANGLE,"SEDAN, 4 DOOR",N,47,2,CHANGING LANES,"FELL ASLEEP, FAINTED, FATIGUED, ETC.: HAD BEEN DRINKING","SEDAN, 4 DOOR",N,24,2,STOPPED,APPARENTLY NORMAL,DRY,DARK - SPOT LIGHTING,NHP,NO
2762,PROPERTY DAMAGE ONLY,CLARK,1/28/16,US95N,1000,E,CLEAR,0,0,REAR-END,"SEDAN, 4 DOOR",N,Unspecified,3,GOING STRAIGHT,OTHER IMPROPER DRIVING,PICKUP,N,44,3,GOING STRAIGHT,APPARENTLY NORMAL,DRY,DARK - CONTINUOUS LIGHTING,NHP,NO
2701,PROPERTY DAMAGE ONLY,CLARK,1/28/16,N TENAYA WAY,290,N,CLEAR,0,0,REAR-END,CARRY-ALL,S,Unspecified,0,GOING STRAIGHT,INATTENTION/DISTRACTED,CARRY-ALL,S,Unspecified,0,GOING STRAIGHT,APPARENTLY NORMAL,Unspecified,Unspecified,LVMPD,NO
2728,INJURY CRASH,CLARK,1/28/16,CC215N TO CHEYENNE AVE E,20,W,CLEAR,0,1,REAR-END,FLATBED OR PLATFORM,N,56,0,GOING STRAIGHT,APPARENTLY NORMAL,STATION WAGON,N,77,0,STOPPED,APPARENTLY NORMAL,DRY,DAYLIGHT,NHP,NO