FileID,CrashSeverity,County,CrashDate,PrimaryStreet,Distance,Direction,Weather,NumberOfFatalities,NumberOfInjured,CrashType,FirstVehicleType,FirstVehicleDirection,FirstDriverAge,FirstVehicleLane,FirstVehicleAction,FirstDriverCondition,SecondVehicleType,SecondVehicleDirection,SecondDriverAge,SecondVehicleLane,SecondVehicleAction,SecondDriverCondition,RoadCondition,Lighting,AgencyName,PedestrianInvolved
2818,INJURY CRASH,CLARK,1/29/16,BACKWOODSMAN AVE,0,AT INT,CLEAR,0,1,NON-COLLISION,"SEDAN, 4 DOOR",W,46,0,GOING STRAIGHT,APPARENTLY NORMAL,Unspecified,Unspecified,Unspecified,0,Unspecified,Unspecified,DRY,DARK - SPOT LIGHTING,LVMPD,NO
2846,PROPERTY DAMAGE ONLY,CLARK,1/29/16,N DURANGO DR,0,AT INT,CLEAR,0,0,REAR-END,PICKUP,E,Unspecified,4,GOING STRAIGHT,Unspecified,SEDAN,N,22,4,TURNING RIGHT,APPARENTLY NORMAL,DRY,DAYLIGHT,NHP,NO
2869,PROPERTY DAMAGE ONLY,CLARK,1/29/16,CC215N,0,AT INT,CLEAR,0,0,"SIDESWIPE, MEETING",PICKUP,W,19,0,TURNING LEFT,APPARENTLY NORMAL,"HATCHBACK, 4 DOOR",W,34,0,TURNING LEFT,APPARENTLY NORMAL,DRY,DAWN,NHP,NO
2823,INJURY CRASH,CLARK,1/29/16,LAKE MEAD BLVD,27,E,CLOUDY,0,1,ANGLE,"SEDAN, 4 DOOR",W,18,3,MAKING U-TURN,APPARENTLY NORMAL,CARRY-ALL,E,22,3,GOING STRAIGHT,APPARENTLY NORMAL,DRY,DARK - CONTINUOUS LIGHTING,LVMPD,NO
2812,PROPERTY DAMAGE ONLY,CLARK,1/29/16,N DURANGO DR,20,E,CLOUDY,0,0,ANGLE,"SEDAN, 4 DOOR",N,Unspecified,0,TURNING RIGHT,APPARENTLY NORMAL,CARRY-ALL,E,Unspecified,0,GOING STRAIGHT,APPARENTLY NORMAL,Unspecified,Unspecified,LVMPD,NO
2774,FATAL CRASH,CLARK,1/29/16,OWENS AVE,35,E,CLEAR,1,0,NON-COLLISION,"SEDAN, 4 DOOR",W,20,0,GOING STRAIGHT,DRUG INVOLVEMENT,Unspecified,Unspecified,Unspecified,0,Unspecified,Unspecified,DRY,DARK - CONTINUOUS LIGHTING,LVMPD,NO
2804,INJURY CRASH,CLARK,1/29/16,N SANDHILL RD,0,AT INT,CLEAR,0,1,ANGLE,CARRY-ALL,W,32,0,TURNING LEFT,Unspecified,"SEDAN, 2 DOOR",N,51,0,GOING STRAIGHT,APPARENTLY NORMAL,DRY,DAYLIGHT,LVMPD,NO
2805,INJURY CRASH,CLARK,1/29/16,THATA WAY,66,S,CLOUDY,0,2,REAR-END,CARRY-ALL,W,16,1,TURNING LEFT,APPARENTLY NORMAL,CARRY-ALL,S,41,1,PARKED,APPARENTLY NORMAL,DRY,DAYLIGHT,LVMPD,NO
2817,INJURY CRASH,CLARK,1/29/16,OWENS AVE,30,N,CLOUDY,0,2,ANGLE,"SEDAN, 2 DOOR",S,20,0,TURNING RIGHT,APPARENTLY NORMAL,"SEDAN, 4 DOOR",E,20,0,STOPPED,APPARENTLY NORMAL,DRY,DARK - CONTINUOUS LIGHTING,LVMPD,NO
2837,PROPERTY DAMAGE ONLY,CLARK,1/29/16,IR15N,800,S,CLOUDY,0,0,"SIDESWIPE, OVERTAKING","SEDAN, 4 DOOR",N,Unspecified,1,NOT REPORTED,Unspecified,"SEDAN, 4 DOOR",N,17,1,GOING STRAIGHT,APPARENTLY NORMAL,DRY,DARK - SPOT LIGHTING,NHP,NO
2795,PROPERTY DAMAGE ONLY,CLARK,1/29/16,S DECATUR BLVD,65,N,CLEAR,0,0,REAR-END,"SEDAN, 4 DOOR",N,Unspecified,0,GOING STRAIGHT,APPARENTLY NORMAL,"HARDTOP, 4 DOOR",N,Unspecified,0,STOPPED,APPARENTLY NORMAL,Unspecified,Unspecified,LVMPD,NO
2800,PROPERTY DAMAGE ONLY,CLARK,1/29/16,S VALLEY VIEW BLVD,69,N,CLOUDY,0,0,REAR-END,"SEDAN, 4 DOOR",S,Unspecified,0,GOING STRAIGHT,OTHER IMPROPER DRIVING,CARRY-ALL,S,Unspecified,0,STOPPED,APPARENTLY NORMAL,Unspecified,Unspecified,LVMPD,NO
2831,PROPERTY DAMAGE ONLY,CLARK,1/29/16,SR574,30,E,CLEAR,0,0,"SIDESWIPE, OVERTAKING",PICKUP,W,54,4,CHANGING LANES,APPARENTLY NORMAL,"SEDAN, 2 DOOR",W,34,4,GOING STRAIGHT,APPARENTLY NORMAL,DRY,DAYLIGHT,NHP,NO
2838,PROPERTY DAMAGE ONLY,CLARK,1/29/16,US95S,150,N,CLEAR,0,0,REAR-END,"HARDTOP, 4 DOOR",S,24,4,GOING STRAIGHT,APPARENTLY NORMAL,CARRY-ALL,S,38,4,STOPPED,APPARENTLY NORMAL,DRY,DARK - SPOT LIGHTING,NHP,NO
2847,INJURY CRASH,CLARK,1/29/16,SR596,200,S,CLEAR,0,3,REAR-END,PICKUP,N,41,1,GOING STRAIGHT,Unspecified,CARRY-ALL,N,68,1,STOPPED,APPARENTLY NORMAL,DRY,DARK - SPOT LIGHTING,NHP,NO
2867,PROPERTY DAMAGE ONLY,CLARK,1/29/16,IR15N,100,S,CLOUDY,0,0,NON-COLLISION,"SEDAN, 4 DOOR",N,21,4,GOING STRAIGHT,OTHER IMPROPER DRIVING,"SEDAN, 4 DOOR",N,22,4,GOING STRAIGHT,APPARENTLY NORMAL,DRY,DUSK,NHP,NO
2868,INJURY CRASH,CLARK,1/29/16,SR589,300,E,CLEAR,0,2,REAR-END,Unspecified,W,38,3,GOING STRAIGHT,Unspecified,3-DOOR,W,44,3,STOPPED,APPARENTLY NORMAL,DRY,DAYLIGHT,LVMPD,NO
2783,INJURY CRASH,CLARK,1/29/16,E OGDEN AVE,0,AT INT,CLEAR,0,3,ANGLE,"SEDAN, 4 DOOR",E,35,0,TURNING LEFT,APPARENTLY NORMAL,"SEDAN, 4 DOOR",W,29,0,GOING STRAIGHT,APPARENTLY NORMAL,DRY,DARK - CONTINUOUS LIGHTING,LVMPD,NO
11951,PROPERTY DAMAGE ONLY,CLARK,4/23/16,US95N,1000,S,CLEAR,0,0,"SIDESWIPE, OVERTAKING",BUS,N,28,2,GOING STRAIGHT,APPARENTLY NORMAL,Unspecified,Unspecified,Unspecified,0,Unspecified,Unspecified,DRY,DAYLIGHT,NHP,NO
2786,PROPERTY DAMAGE ONLY,CLARK,1/29/16,E OGDEN AVE,0,AT INT,CLEAR,0,0,ANGLE,MOPED,W,Unspecified,0,GOING STRAIGHT,PHYSICAL IMPAIRMENT,"SEDAN, 2 DOOR",W,Unspecified,0,GOING STRAIGHT,APPARENTLY NORMAL,Unspecified,Unspecified,LVMPD,NO
2790,PROPERTY DAMAGE ONLY,CLARK,1/29/16,LAKE MEAD BLVD,100,E,CLOUDY,0,0,REAR-END,PICKUP,W,55,3,GOING STRAIGHT,APPARENTLY NORMAL,"SEDAN, 4 DOOR",E,61,3,STOPPED,APPARENTLY NORMAL,DRY,DAYLIGHT,LVMPD,NO
2807,PROPERTY DAMAGE ONLY,CLARK,1/29/16,N DECATUR BLVD,100,N,CLEAR,0,0,NON-COLLISION,CARRY-ALL,S,Unspecified,0,GOING STRAIGHT,Unspecified,Unspecified,Unspecified,Unspecified,0,Unspecified,Unspecified,DRY,DARK - CONTINUOUS LIGHTING,LVMPD,NO
2820,PROPERTY DAMAGE ONLY,CLARK,1/29/16,N DECATUR BLVD,0,AT INT,CLEAR,0,0,ANGLE,HATCHBACK/FASTBACK,N,Unspecified,0,TURNING LEFT,APPARENTLY NORMAL,PICKUP,S,Unspecified,0,GOING STRAIGHT,APPARENTLY NORMAL,Unspecified,Unspecified,LVMPD,NO
2851,INJURY CRASH,CLARK,1/29/16,US95S,350,W,CLEAR,0,1,REAR-END,PICKUP,S,49,1,GOING STRAIGHT,OTHER IMPROPER DRIVING,"SEDAN, 4 DOOR",S,59,1,GOING STRAIGHT,APPARENTLY NORMAL,WET,DARK - SPOT LIGHTING,NHP,NO
2852,PROPERTY DAMAGE ONLY,CLARK,1/29/16,US95N,1500,E,CLEAR,0,0,NON-COLLISION,PICKUP,N,38,0,GOING STRAIGHT,APPARENTLY NORMAL,Unspecified,N,Unspecified,0,GOING STRAIGHT,Unspecified,DRY,DARK - SPOT LIGHTING,NHP,NO
2855,PROPERTY DAMAGE ONLY,CLARK,1/29/16,US95S,200,E,CLEAR,0,0,REAR-END,"SEDAN, 4 DOOR",S,22,2,GOING STRAIGHT,APPARENTLY NORMAL,"SEDAN, 4 DOOR",S,32,2,GOING STRAIGHT,APPARENTLY NORMAL,WET,DAYLIGHT,NHP,NO
2772,INJURY CRASH,CLARK,1/29/16,SUNUP DR,0,AT INT,CLOUDY,0,2,ANGLE,CARRY-ALL,W,61,0,GOING STRAIGHT,APPARENTLY NORMAL,"SEDAN, 4 DOOR",N,72,0,GOING STRAIGHT,APPARENTLY NORMAL,DRY,DAYLIGHT,LVMPD,NO
2787,INJURY CRASH,CLARK,1/29/16,N BUFFALO DR,0,AT INT,CLEAR,0,1,ANGLE,PICKUP,N,42,0,GOING STRAIGHT,APPARENTLY NORMAL,PICKUP,S,21,0,TURNING LEFT,APPARENTLY NORMAL,DRY,DARK - CONTINUOUS LIGHTING,LVMPD,NO
2788,INJURY CRASH,CLARK,1/29/16,ANN RD TO SR599S INT90A,30,N,CLEAR,0,1,ANGLE,"SEDAN, 4 DOOR",N,24,1,TURNING LEFT,HAD BEEN DRINKING,"SEDAN, 4 DOOR",S,20,1,STOPPED,APPARENTLY NORMAL,DRY,DAYLIGHT,LVMPD,NO
2793,PROPERTY DAMAGE ONLY,CLARK,1/29/16,BROADRIVER DR,20,N,CLEAR,0,0,NON-COLLISION,"SEDAN, 4 DOOR",N,22,1,GOING STRAIGHT,APPARENTLY NORMAL,Unspecified,Unspecified,Unspecified,0,Unspecified,Unspecified,DRY,DAYLIGHT,LVMPD,NO
2821,PROPERTY DAMAGE ONLY,CLARK,1/29/16,ANN RD,50,E,CLEAR,0,0,REAR-END,"SEDAN, 4 DOOR",E,26,2,GOING STRAIGHT,APPARENTLY NORMAL,CARRY-ALL,E,28,2,STOPPED,APPARENTLY NORMAL,DRY,DARK - CONTINUOUS LIGHTING,LVMPD,NO
2826,PROPERTY DAMAGE ONLY,CLARK,1/29/16,TALL WOOD LN,67,E,CLEAR,0,0,BACKING,OTHER,W,Unspecified,0,BACKING UP,OTHER IMPROPER DRIVING,CARRY-ALL,Unspecified,Unspecified,0,PARKED,Unspecified,DRY,DARK - CONTINUOUS LIGHTING,LVMPD,NO
2802,INJURY CRASH,CLARK,1/29/16,FORT APACHE RD,0,AT INT,CLEAR,0,1,ANGLE,CARRY-ALL,W,15,0,NOT REPORTED,OTHER IMPROPER DRIVING,"SEDAN, 4 DOOR",N,30,0,GOING STRAIGHT,APPARENTLY NORMAL,DRY,DAYLIGHT,LVMPD,NO
2845,PROPERTY DAMAGE ONLY,CLARK,1/29/16,DURANGO DR TO CC215S INT 37,60,E,CLEAR,0,0,NON-COLLISION,CARRY-ALL,W,50,1,GOING STRAIGHT,APPARENTLY NORMAL,Unspecified,Unspecified,Unspecified,0,Unspecified,Unspecified,DRY,DARK - NO LIGHTING,NHP,NO
2897,INJURY CRASH,CLARK,1/30/16,N EL CAPITAN WAY,0,AT INT,CLEAR,0,1,ANGLE,"SEDAN, 4 DOOR",E,17,0,GOING STRAIGHT,APPARENTLY NORMAL,"HARDTOP, 4 DOOR",S,51,0,GOING STRAIGHT,APPARENTLY NORMAL,DRY,DAYLIGHT,LVMPD,NO
2904,PROPERTY DAMAGE ONLY,CLARK,1/30/16,CENTENNIAL CENTER BLVD,1000,N,CLEAR,0,0,ANGLE,CONVERTIBLE,E,19,1,TURNING LEFT,APPARENTLY NORMAL,"SEDAN, 4 DOOR",N,75,1,GOING STRAIGHT,APPARENTLY NORMAL,DRY,DARK - CONTINUOUS LIGHTING,LVMPD,NO
2902,INJURY CRASH,CLARK,1/30/16,LAKE MEAD BLVD,0,AT INT,CLOUDY,0,1,ANGLE,CARRY-ALL,N,19,0,GOING STRAIGHT,APPARENTLY NORMAL,"SEDAN, 4 DOOR",W,32,0,GOING STRAIGHT,APPARENTLY NORMAL,DRY,DARK - CONTINUOUS LIGHTING,LVMPD,NO
2903,INJURY CRASH,CLARK,1/30/16,RAMPART BLVD,475,S,CLOUDY,0,2,REAR-END,"SEDAN, 2 DOOR",N,45,3,CHANGING LANES,APPARENTLY NORMAL,"SEDAN, 4 DOOR",N,42,3,STOPPED,APPARENTLY NORMAL,DRY,DARK - CONTINUOUS LIGHTING,LVMPD,NO
2872,INJURY CRASH,CLARK,1/30/16,EASTERN AVE,0,AT INT,CLEAR,0,1,ANGLE,CARRY-ALL,S,56,0,GOING STRAIGHT,APPARENTLY NORMAL,Unspecified,Unspecified,Unspecified,0,Unspecified,Unspecified,DRY,DAYLIGHT,LVMPD,NO
2894,PROPERTY DAMAGE ONLY,CLARK,1/30/16,STEWART AVE,0,AT INT,CLEAR,0,0,ANGLE,"SEDAN, 4 DOOR",E,Unspecified,0,GOING STRAIGHT,APPARENTLY NORMAL,CARRY-ALL,N,Unspecified,0,GOING STRAIGHT,APPARENTLY NORMAL,Unspecified,Unspecified,LVMPD,NO
2906,INJURY CRASH,CLARK,1/30/16,S COMMERCE ST,0,AT INT,CLEAR,0,2,ANGLE,"SEDAN, 4 DOOR",E,29,0,GOING STRAIGHT,APPARENTLY NORMAL,"SEDAN, 4 DOOR",N,27,0,GOING STRAIGHT,HAD BEEN DRINKING,DRY,DARK - SPOT LIGHTING,LVMPD,NO
2918,INJURY CRASH,CLARK,1/30/16,IR15N,620,S,CLEAR,0,1,REAR-END,"HARDTOP, 4 DOOR",N,24,4,GOING STRAIGHT,APPARENTLY NORMAL,"HARDTOP, 4 DOOR",N,31,4,STOPPED,APPARENTLY NORMAL,DRY,DAYLIGHT,NHP,NO
2919,PROPERTY DAMAGE ONLY,CLARK,1/30/16,IR15N,981,N,CLEAR,0,0,ANGLE,UTILITY,N,41,4,GOING STRAIGHT,APPARENTLY NORMAL,VAN,N,31,4,GOING STRAIGHT,APPARENTLY NORMAL,DRY,DARK - SPOT LIGHTING,NHP,NO
2920,PROPERTY DAMAGE ONLY,CLARK,1/30/16,IR15N,200,N,CLEAR,0,0,REAR-END,"SEDAN, 4 DOOR",N,35,4,GOING STRAIGHT,APPARENTLY NORMAL,PICKUP,N,38,4,STOPPED,APPARENTLY NORMAL,DRY,DARK - SPOT LIGHTING,NHP,NO
2922,PROPERTY DAMAGE ONLY,CLARK,1/30/16,SR159E/W TO US95N INT72,150,N,RAIN,0,0,NON-COLLISION,PICKUP,N,48,0,TURNING RIGHT,APPARENTLY NORMAL,Unspecified,Unspecified,Unspecified,0,Unspecified,Unspecified,DRY,DAYLIGHT,NHP,NO
2895,INJURY CRASH,CLARK,1/30/16,S DECATUR BLVD,600,N,CLEAR,0,1,ANGLE,"SEDAN, 4 DOOR",N,24,3,CHANGING LANES,APPARENTLY NORMAL,MOTORCYCLE,N,22,3,GOING STRAIGHT,APPARENTLY NORMAL,DRY,DAYLIGHT,LVMPD,NO
2911,PROPERTY DAMAGE ONLY,CLARK,1/30/16,SR159,100,W,CLEAR,0,0,REAR-END,VAN,W,Unspecified,0,GOING STRAIGHT,INATTENTION/DISTRACTED,PICKUP,W,Unspecified,0,STOPPED,APPARENTLY NORMAL,Unspecified,Unspecified,LVMPD,NO
2915,PROPERTY DAMAGE ONLY,CLARK,1/30/16,DECATUR BLVD,30,N,CLEAR,0,0,REAR-END,CARRY-ALL,S,23,2,GOING STRAIGHT,DRUG INVOLVEMENT,PICKUP,S,36,2,STOPPED,APPARENTLY NORMAL,DRY,DAYLIGHT,NHP,NO
2932,PROPERTY DAMAGE ONLY,CLARK,1/30/16,US95S,100,S,CLEAR,0,0,NON-COLLISION,"SEDAN, 4 DOOR",S,27,4,GOING STRAIGHT,APPARENTLY NORMAL,VAN,S,44,4,GOING STRAIGHT,APPARENTLY NORMAL,DRY,DAYLIGHT,NHP,NO
2934,PROPERTY DAMAGE ONLY,CLARK,1/30/16,US95S,150,N,CLEAR,0,0,NON-COLLISION,CARRY-ALL,S,41,0,GOING STRAIGHT,APPARENTLY NORMAL,Unspecified,Unspecified,Unspecified,0,Unspecified,Unspecified,DRY,DAYLIGHT,NHP,NO
2885,INJURY CRASH,CLARK,1/30/16,JONES BLVD,0,AT INT,CLEAR,0,1,ANGLE,"SEDAN, 4 DOOR",W,37,0,GOING STRAIGHT,APPARENTLY NORMAL,PICKUP,S,45,0,GOING STRAIGHT,APPARENTLY NORMAL,DRY,DAYLIGHT,LVMPD,NO
2937,INJURY CRASH,CLARK,1/30/16,US95S TO IR15S INT42,300,N,CLEAR,0,1,REAR-END,CARRY-ALL,S,Unspecified,1,GOING STRAIGHT,Unspecified,WAGON,S,37,1,STOPPED,APPARENTLY NORMAL,DRY,DARK - SPOT LIGHTING,NHP,NO
2939,PROPERTY DAMAGE ONLY,CLARK,1/30/16,N 4TH ST,25,S,CLEAR,0,0,"SIDESWIPE, OVERTAKING",LIMOUSINE,N,57,2,NOT REPORTED,APPARENTLY NORMAL,"SEDAN, 4 DOOR",N,41,2,GOING STRAIGHT,APPARENTLY NORMAL,DRY,DARK - SPOT LIGHTING,NHP,NO
2945,PROPERTY DAMAGE ONLY,CLARK,1/30/16,LAKE MEAD BLVD,41,W,CLEAR,0,0,NON-COLLISION,PICKUP,Unspecified,Unspecified,3,NOT REPORTED,Unspecified,Unspecified,Unspecified,Unspecified,0,Unspecified,Unspecified,DRY,DAWN,NLPD,NO
2951,INJURY CRASH,CLARK,1/31/16,W CENTENNIAL PKWY,0,AT INT,CLOUDY: RAIN,0,1,ANGLE,CARRY-ALL,W,32,0,TURNING LEFT,APPARENTLY NORMAL,Unspecified,Unspecified,Unspecified,0,Unspecified,Unspecified,DRY,DAYLIGHT,LVMPD,NO
3007,INJURY CRASH,CLARK,1/31/16,N DURANGO DR,0,AT INT,RAIN,0,2,ANGLE,"SEDAN, 4 DOOR",N,21,0,TURNING LEFT,APPARENTLY NORMAL,"SEDAN, 4 DOOR",S,23,0,GOING STRAIGHT,APPARENTLY NORMAL,DRY,DARK - CONTINUOUS LIGHTING,LVMPD,NO
3041,INJURY CRASH,CLARK,1/31/16,US95N,1500,N,RAIN,0,3,NON-COLLISION,"SEDAN, 4 DOOR",N,42,3,GOING STRAIGHT,APPARENTLY NORMAL,Unspecified,Unspecified,Unspecified,0,Unspecified,Unspecified,WET,DARK - SPOT LIGHTING,NHP,NO
3008,INJURY CRASH,CLARK,1/31/16,SAHARA AVE,40,W,CLEAR,0,2,REAR-END,CARRY-ALL,E,26,1,GOING STRAIGHT,INATTENTION/DISTRACTED,CARRY-ALL,E,54,1,STOPPED,APPARENTLY NORMAL,DRY,DARK - CONTINUOUS LIGHTING,LVMPD,NO
3013,INJURY CRASH,CLARK,1/31/16,SUMMERLIN PKWY W TO RAMPART BLVD,45,E,RAIN,0,1,ANGLE,PICKUP,W,47,0,GOING STRAIGHT,APPARENTLY NORMAL,"SEDAN, 4 DOOR",W,42,0,STOPPED,APPARENTLY NORMAL,DRY,DUSK,NHP,NO
2947,PROPERTY DAMAGE ONLY,CLARK,1/31/16,N PECOS RD,10,S,RAIN,0,0,ANGLE,"SEDAN, 4 DOOR",S,29,1,NOT REPORTED,OTHER IMPROPER DRIVING,Unspecified,Unspecified,Unspecified,0,Unspecified,Unspecified,DRY,DARK - SPOT LIGHTING,LVMPD,NO
2954,INJURY CRASH,CLARK,1/31/16,S 15TH ST,0,AT INT,CLOUDY: RAIN,0,1,ANGLE,"SEDAN, 4 DOOR",E,75,0,TURNING LEFT,APPARENTLY NORMAL,"SEDAN, 4 DOOR",N,76,0,GOING STRAIGHT,APPARENTLY NORMAL,DRY,DAYLIGHT,LVMPD,NO
2959,INJURY CRASH,CLARK,1/31/16,STEWART AVE,0,AT INT,CLOUDY: RAIN,0,1,ANGLE,"SEDAN, 4 DOOR",S,20,0,NOT REPORTED,APPARENTLY NORMAL,CARRY-ALL,W,25,0,GOING STRAIGHT,APPARENTLY NORMAL,DRY,DAYLIGHT,LVMPD,NO
2981,INJURY CRASH,CLARK,1/31/16,EASTERN AVE,0,AT INT,CLEAR,0,1,NON-COLLISION,PICKUP,S,35,0,GOING STRAIGHT,HAD BEEN DRINKING,Unspecified,Unspecified,Unspecified,0,Unspecified,Unspecified,DRY,DARK - CONTINUOUS LIGHTING,LVMPD,NO
2987,INJURY CRASH,CLARK,1/31/16,SR612,0,AT INT,CLEAR,0,2,ANGLE,"SEDAN, 4 DOOR",E,20,0,GOING STRAIGHT,HAD BEEN DRINKING,"SEDAN, 4 DOOR",W,39,0,STOPPED,APPARENTLY NORMAL,DRY,DAYLIGHT,LVMPD,NO
3009,INJURY CRASH,CLARK,1/31/16,IR15N,1000,S,CLEAR,0,2,REAR-END,"HARDTOP, 4 DOOR",N,23,4,GOING STRAIGHT,APPARENTLY NORMAL,"HARDTOP, 4 DOOR",N,24,4,STOPPED,APPARENTLY NORMAL,DRY,DARK - SPOT LIGHTING,NHP,NO
3040,PROPERTY DAMAGE ONLY,CLARK,1/31/16,US95N,500,E,CLOUDY,0,0,NON-COLLISION,"HATCHBACK, 2 DOOR",N,26,0,NOT REPORTED,APPARENTLY NORMAL,Unspecified,Unspecified,Unspecified,0,Unspecified,Unspecified,WET,DARK - SPOT LIGHTING,NHP,NO
2957,INJURY CRASH,CLARK,1/31/16,W WASHINGTON AVE,110,W,CLOUDY: RAIN,0,1,NON-COLLISION,MOTORCYCLE,E,64,2,GOING STRAIGHT,APPARENTLY NORMAL,Unspecified,Unspecified,Unspecified,0,Unspecified,Unspecified,DRY,DAYLIGHT,LVMPD,NO
2961,INJURY CRASH,CLARK,1/31/16,W WASHINGTON AVE,15,W,CLOUDY: RAIN,0,3,REAR-END,"SEDAN, 4 DOOR",E,42,1,GOING STRAIGHT,APPARENTLY NORMAL,CARRY-ALL,E,24,1,STOPPED,APPARENTLY NORMAL,DRY,DARK - CONTINUOUS LIGHTING,LVMPD,NO
2963,INJURY CRASH,CLARK,1/31/16,IR15N,75,N,CLOUDY: RAIN,0,1,REAR-END,MOTORCYCLE,N,30,4,GOING STRAIGHT,APPARENTLY NORMAL,"HATCHBACK, 4 DOOR",N,60,4,STOPPED,APPARENTLY NORMAL,DRY,DAYLIGHT,NHP,NO
2967,INJURY CRASH,CLARK,1/31/16,DECATUR BLVD,75,N,CLOUDY: RAIN,0,1,NON-COLLISION,"SEDAN, 4 DOOR",S,43,0,GOING STRAIGHT,HAD BEEN DRINKING,Unspecified,Unspecified,Unspecified,0,Unspecified,Unspecified,DRY,DARK - SPOT LIGHTING,NHP,NO
2968,INJURY CRASH,CLARK,1/31/16,SR595,15,N,CLOUDY: RAIN,0,1,REAR-END,PICKUP,S,33,1,GOING STRAIGHT,APPARENTLY NORMAL,COUPE,S,43,1,STOPPED,APPARENTLY NORMAL,DRY,DAYLIGHT,NHP,NO
2972,PROPERTY DAMAGE ONLY,CLARK,1/31/16,US95S TO SR599S INT77,30,N,CLOUDY: RAIN,0,0,REAR-END,PICKUP,S,25,0,GOING STRAIGHT,Unspecified,"SEDAN, 4 DOOR",S,42,0,STOPPED,Unspecified,DRY,DARK - SPOT LIGHTING,NHP,NO
3001,PROPERTY DAMAGE ONLY,CLARK,1/31/16,SR159,46,W,RAIN,0,0,REAR-END,"SEDAN, 4 DOOR",E,42,0,GOING STRAIGHT,HAD BEEN DRINKING,CARRY-ALL,E,24,0,STOPPED,APPARENTLY NORMAL,DRY,DARK - SPOT LIGHTING,LVMPD,NO
3011,INJURY CRASH,CLARK,1/31/16,IR15N,200,S,RAIN,0,1,REAR-END,Unspecified,N,Unspecified,3,GOING STRAIGHT,Unspecified,"SEDAN, 4 DOOR",N,24,3,GOING STRAIGHT,APPARENTLY NORMAL,DRY,DAYLIGHT,NHP,NO
3012,PROPERTY DAMAGE ONLY,CLARK,1/31/16,SR574W/E TO US95S INT82B,64,N,RAIN,0,0,NON-COLLISION,"HATCHBACK, 4 DOOR",W,52,0,GOING STRAIGHT,APPARENTLY NORMAL,Unspecified,Unspecified,Unspecified,0,Unspecified,Unspecified,DRY,DAYLIGHT,NHP,NO
3014,PROPERTY DAMAGE ONLY,CLARK,1/31/16,SR159,40,E,RAIN,0,0,REAR-END,"SEDAN, 4 DOOR",W,46,3,GOING STRAIGHT,APPARENTLY NORMAL,"SEDAN, 4 DOOR",W,56,3,STOPPED,APPARENTLY NORMAL,DRY,DARK - SPOT LIGHTING,NHP,NO
3036,PROPERTY DAMAGE ONLY,CLARK,1/31/16,SUMMERLIN TO US95N,100,S,RAIN,0,0,NON-COLLISION,"SEDAN, 4 DOOR",E,23,0,GOING STRAIGHT,APPARENTLY NORMAL,Unspecified,Unspecified,Unspecified,0,Unspecified,Unspecified,DRY,DARK - SPOT LIGHTING,NHP,NO
3037,PROPERTY DAMAGE ONLY,CLARK,1/31/16,SR159,0,AT INT,RAIN,0,0,ANGLE,PICKUP,W,45,0,TURNING LEFT,APPARENTLY NORMAL,CARRY-ALL,E,23,0,GOING STRAIGHT,APPARENTLY NORMAL,DRY,DARK - SPOT LIGHTING,NHP,NO
2960,INJURY CRASH,CLARK,1/31/16,LAKE MEAD BLVD,0,AT INT,CLOUDY: RAIN,0,2,ANGLE,CARRY-ALL,N,19,0,TURNING LEFT,APPARENTLY NORMAL,CARRY-ALL,E,18,0,GOING STRAIGHT,APPARENTLY NORMAL,DRY,DUSK,LVMPD,NO
2974,INJURY CRASH,CLARK,1/31/16,US95S TO IR15S INT42,100,S,CLOUDY: RAIN,0,1,NON-COLLISION,CARRY-ALL,S,47,0,NOT REPORTED,APPARENTLY NORMAL,Unspecified,Unspecified,Unspecified,0,Unspecified,Unspecified,WET,DARK - SPOT LIGHTING,NHP,NO
2975,INJURY CRASH,CLARK,1/31/16,N DECATUR BLVD,0,AT INT,CLOUDY: RAIN,0,4,ANGLE,CARRY-ALL,E,76,0,TURNING LEFT,APPARENTLY NORMAL,"SEDAN, 4 DOOR",S,73,0,GOING STRAIGHT,APPARENTLY NORMAL,DRY,DAYLIGHT,LVMPD,NO
3039,PROPERTY DAMAGE ONLY,CLARK,1/31/16,SR604 S/N TO US95N INT75B,60,S,CLOUDY,0,0,REAR-END,"SEDAN, 4 DOOR",N,27,1,GOING STRAIGHT,APPARENTLY NORMAL,CARRY-ALL,N,29,1,STOPPED,APPARENTLY NORMAL,WET,DARK - SPOT LIGHTING,NHP,NO
3056,PROPERTY DAMAGE ONLY,CLARK,1/31/16,US95S TO IR15S INT42,1000,N,RAIN,0,0,"SIDESWIPE, MEETING","SEDAN, 2 DOOR",S,58,0,NOT REPORTED,APPARENTLY NORMAL,"HARDTOP, 4 DOOR",S,37,0,GOING STRAIGHT,APPARENTLY NORMAL,WET,DAYLIGHT,NHP,NO